sample_id,DATASET_SPLIT,QUALITY_CLASS,DEFECT_TYPE,CAPTURE_INSTRUCTION,EXPECTED_EFFECT,HMAX,HC,BR,BS,LOOP_HZ,X_GAIN,Y_GAIN,X_OFFSET,Y_OFFSET,XY_COUPLING,ASYMMETRY,AMPLITUDE
IMG_0001,defect,瑕疵,small_dim_loop,保持常规相机曝光和示波器档位，不放大画面,回线过小、偏暗、有效像素少,196.977,31.259,0.6228,1.7658,181.778,0.5309,0.7246,0.0146,-0.0153,0.0259,0.0079,545.0
IMG_0002,normal,正常,NORMAL,正常曝光；完整包含示波器屏幕；对焦清晰；相机正对屏幕,完整、亮度适中、位置居中的磁滞回线,270.151,44.836,0.5059,1.3115,206.423,0.9394,1.0967,-0.0243,0.0073,-0.0254,0.025,1463.0
IMG_0003,defect,瑕疵,underexposed,降低相机曝光或示波器亮度，使轨迹明显偏暗但仍留有部分可见点,轨迹暗淡、断续、信噪比下降,185.858,29.226,0.4388,1.2934,236.681,0.9817,1.0212,-0.0486,-0.0271,-0.0017,-0.0034,1557.0
IMG_0004,defect,瑕疵,defocus_motion,轻微失焦或手持轻微运动拍摄，保留可识别的整体形状,轨迹模糊、拖影或重影,162.746,59.634,0.6164,1.4753,153.861,0.9639,0.9778,-0.0078,0.0125,0.0235,-0.0003,1462.0
IMG_0005,defect,瑕疵,defocus_motion,轻微失焦或手持轻微运动拍摄，保留可识别的整体形状,轨迹模糊、拖影或重影,261.758,47.974,0.7826,0.9648,191.158,0.9293,0.9179,-0.0382,-0.0061,0.0136,-0.0193,1638.0
IMG_0006,defect,瑕疵,small_dim_loop,保持常规相机曝光和示波器档位，不放大画面,回线过小、偏暗、有效像素少,156.613,49.113,0.1434,0.7253,209.586,0.5674,0.508,0.0022,-0.0479,-0.0166,-0.0233,592.0
IMG_0007,defect,瑕疵,tilt_asymmetry,正常拍摄，保留固件产生的倾斜与上下支不对称,回线明显倾斜、上下分支不对称,418.103,52.763,0.6311,1.116,234.365,0.9484,0.9574,-0.034,-0.0196,0.1804,-0.174,1629.0
IMG_0008,defect,瑕疵,overexposed,提高相机曝光或示波器亮度，使高亮轨迹局部饱和但仍可辨认,轨迹膨胀、局部纯白、细节丢失,373.33,37.791,0.3498,0.8443,182.318,0.9067,1.0078,0.0315,0.0272,0.0267,0.0125,1557.0
IMG_0009,defect,瑕疵,scale_clipping,保持正常曝光和构图；不调整示波器档位,幅度过大，回线顶部/底部或左右边缘被截断,114.431,11.487,0.5505,1.157,155.015,1.6901,1.5199,-0.0552,0.0402,0.013,-0.0065,1746.0
IMG_0010,defect,瑕疵,defocus_motion,轻微失焦或手持轻微运动拍摄，保留可识别的整体形状,轨迹模糊、拖影或重影,269.355,48.98,0.9108,1.1788,208.734,1.0405,1.0201,0.0007,0.0421,0.0003,-0.0233,1390.0
IMG_0011,defect,瑕疵,small_dim_loop,保持常规相机曝光和示波器档位，不放大画面,回线过小、偏暗、有效像素少,181.312,69.673,0.3283,0.7628,167.632,0.4625,0.6181,0.0424,0.0215,-0.0257,0.0101,280.0
IMG_0012,normal,正常,NORMAL,正常曝光；完整包含示波器屏幕；对焦清晰；相机正对屏幕,完整、亮度适中、位置居中的磁滞回线,314.775,32.423,1.2637,1.471,166.511,0.9404,1.048,-0.0038,-0.0401,0.0155,0.0182,1582.0
IMG_0013,normal,正常,NORMAL,正常曝光；完整包含示波器屏幕；对焦清晰；相机正对屏幕,完整、亮度适中、位置居中的磁滞回线,325.003,53.135,0.5218,1.0021,165.477,1.0113,0.9829,-0.0085,0.0549,0.025,0.0131,1384.0
IMG_0014,defect,瑕疵,small_dim_loop,保持常规相机曝光和示波器档位，不放大画面,回线过小、偏暗、有效像素少,159.6,19.274,0.9904,1.6651,153.952,0.6686,0.6036,-0.0103,-0.0118,-0.0007,0.0092,390.0
IMG_0015,normal,正常,NORMAL,正常曝光；完整包含示波器屏幕；对焦清晰；相机正对屏幕,完整、亮度适中、位置居中的磁滞回线,395.291,61.795,0.5714,0.964,221.286,1.0567,1.0904,-0.0089,0.0516,0.0198,0.0151,1444.0
IMG_0016,normal,正常,NORMAL,正常曝光；完整包含示波器屏幕；对焦清晰；相机正对屏幕,完整、亮度适中、位置居中的磁滞回线,290.301,41.992,1.2199,1.7168,214.283,1.0143,1.035,0.0217,-0.0022,0.0053,0.0021,1588.0
IMG_0017,defect,瑕疵,underexposed,降低相机曝光或示波器亮度，使轨迹明显偏暗但仍留有部分可见点,轨迹暗淡、断续、信噪比下降,407.875,52.788,0.4298,0.7454,164.91,1.028,0.9924,-0.0517,0.0009,0.0078,0.0186,1388.0
IMG_0018,defect,瑕疵,tilt_asymmetry,正常拍摄，保留固件产生的倾斜与上下支不对称,回线明显倾斜、上下分支不对称,401.297,63.976,0.5603,1.1854,194.105,1.0437,1.0802,-0.054,0.0113,0.2277,0.1851,1410.0
IMG_0019,defect,瑕疵,tilt_asymmetry,正常拍摄，保留固件产生的倾斜与上下支不对称,回线明显倾斜、上下分支不对称,399.811,70.996,0.5907,0.7851,231.764,1.0667,1.0149,-0.0376,0.0248,-0.4389,-0.1458,1387.0
IMG_0020,normal,正常,NORMAL,正常曝光；完整包含示波器屏幕；对焦清晰；相机正对屏幕,完整、亮度适中、位置居中的磁滞回线,235.721,23.595,0.2921,1.0743,213.421,1.092,0.9911,-0.0252,-0.0365,-0.0291,-0.0248,1440.0
IMG_0021,normal,正常,NORMAL,正常曝光；完整包含示波器屏幕；对焦清晰；相机正对屏幕,完整、亮度适中、位置居中的磁滞回线,127.157,28.822,0.3205,1.2174,152.333,1.0701,0.952,0.0066,0.0557,-0.0127,-0.0008,1615.0
IMG_0022,defect,瑕疵,scale_clipping,保持正常曝光和构图；不调整示波器档位,幅度过大，回线顶部/底部或左右边缘被截断,84.534,21.72,0.2898,1.5219,186.966,1.8266,1.4015,0.035,-0.0178,-0.0363,-0.025,1877.0
IMG_0023,defect,瑕疵,small_dim_loop,保持常规相机曝光和示波器档位，不放大画面,回线过小、偏暗、有效像素少,328.75,33.222,0.4209,0.7396,216.725,0.3962,0.4634,0.0561,0.0425,-0.0252,-0.0136,619.0
IMG_0024,normal,正常,NORMAL,正常曝光；完整包含示波器屏幕；对焦清晰；相机正对屏幕,完整、亮度适中、位置居中的磁滞回线,65.241,15.48,0.6058,0.9743,191.878,0.9518,1.0042,0.0089,-0.0184,0.0184,0.0027,1490.0
IMG_0025,defect,瑕疵,tilt_asymmetry,正常拍摄，保留固件产生的倾斜与上下支不对称,回线明显倾斜、上下分支不对称,269.93,47.098,0.617,1.2532,158.431,1.0071,1.0656,-0.0364,-0.0421,0.4168,-0.1214,1493.0
IMG_0026,defect,瑕疵,scale_clipping,保持正常曝光和构图；不调整示波器档位,幅度过大，回线顶部/底部或左右边缘被截断,202.614,26.493,1.3001,1.7036,176.65,1.4147,1.5322,0.0392,0.053,0.0315,0.0136,1721.0
IMG_0027,defect,瑕疵,defocus_motion,轻微失焦或手持轻微运动拍摄，保留可识别的整体形状,轨迹模糊、拖影或重影,231.937,44.297,1.3465,1.581,232.307,1.0936,0.9931,0.0426,0.0542,0.0358,-0.0223,1624.0
IMG_0028,defect,瑕疵,underexposed,降低相机曝光或示波器亮度，使轨迹明显偏暗但仍留有部分可见点,轨迹暗淡、断续、信噪比下降,409.269,68.816,0.5782,0.7477,234.109,0.9061,0.9226,-0.0056,0.0172,-0.0193,-0.0169,1371.0
IMG_0029,defect,瑕疵,defocus_motion,轻微失焦或手持轻微运动拍摄，保留可识别的整体形状,轨迹模糊、拖影或重影,48.35,15.709,0.7426,1.1322,225.34,1.098,1.0863,-0.0567,0.0269,-0.0196,-0.0126,1636.0
IMG_0030,defect,瑕疵,partial_frame,移动或缩放相机，让屏幕边缘或磁滞回线被裁掉约 15%–45%,拍摄不完整、部分回线位于画面外,134.819,21.816,1.0227,1.3517,168.956,1.0742,1.0378,-0.0194,0.0119,0.0167,-0.024,1628.0
IMG_0031,defect,瑕疵,overexposed,提高相机曝光或示波器亮度，使高亮轨迹局部饱和但仍可辨认,轨迹膨胀、局部纯白、细节丢失,245.126,58.898,0.3422,0.9365,231.936,0.9285,1.0181,-0.0084,-0.0339,0.0146,0.021,1381.0
IMG_0032,defect,瑕疵,small_dim_loop,保持常规相机曝光和示波器档位，不放大画面,回线过小、偏暗、有效像素少,289.722,74.005,1.1035,1.2707,236.437,0.4981,0.721,-0.0151,-0.0216,-0.0028,0.0226,499.0
IMG_0033,defect,瑕疵,partial_frame,移动或缩放相机，让屏幕边缘或磁滞回线被裁掉约 15%–45%,拍摄不完整、部分回线位于画面外,270.969,34.308,0.3857,1.1147,189.907,0.9829,1.0055,0.0583,0.0537,0.0184,0.0222,1584.0
IMG_0034,defect,瑕疵,scale_clipping,保持正常曝光和构图；不调整示波器档位,幅度过大，回线顶部/底部或左右边缘被截断,313.643,58.8,0.5308,1.1073,206.893,1.4739,1.4169,-0.0075,-0.017,0.0134,-0.0222,1727.0
IMG_0035,defect,瑕疵,small_dim_loop,保持常规相机曝光和示波器档位，不放大画面,回线过小、偏暗、有效像素少,330.748,65.801,0.4016,0.7513,194.173,0.7072,0.4632,0.0367,-0.0337,0.0183,0.0183,497.0
IMG_0036,defect,瑕疵,scale_clipping,保持正常曝光和构图；不调整示波器档位,幅度过大，回线顶部/底部或左右边缘被截断,160.169,18.392,0.7406,1.638,235.489,1.87,1.7052,-0.0526,0.0401,-0.0083,0.0003,1735.0
IMG_0037,defect,瑕疵,partial_frame,移动或缩放相机，让屏幕边缘或磁滞回线被裁掉约 15%–45%,拍摄不完整、部分回线位于画面外,122.723,44.947,0.7088,1.4261,235.726,0.9974,1.0939,0.0231,0.0254,-0.0356,-0.0048,1523.0
IMG_0038,defect,瑕疵,defocus_motion,轻微失焦或手持轻微运动拍摄，保留可识别的整体形状,轨迹模糊、拖影或重影,157.16,37.165,0.998,1.7208,178.924,0.9418,1.0719,-0.0295,0.0545,0.0379,0.0131,1493.0
IMG_0039,defect,瑕疵,small_dim_loop,保持常规相机曝光和示波器档位，不放大画面,回线过小、偏暗、有效像素少,297.616,33.332,0.9072,1.6608,239.933,0.5617,0.4757,-0.0524,0.0472,0.013,-0.0198,493.0
IMG_0040,defect,瑕疵,underexposed,降低相机曝光或示波器亮度，使轨迹明显偏暗但仍留有部分可见点,轨迹暗淡、断续、信噪比下降,170.267,61.556,0.48,0.8589,220.781,0.9741,0.9891,0.029,0.0212,0.0182,-0.0014,1405.0
IMG_0041,defect,瑕疵,partial_frame,移动或缩放相机，让屏幕边缘或磁滞回线被裁掉约 15%–45%,拍摄不完整、部分回线位于画面外,279.692,55.732,1.0027,1.6755,166.563,0.9258,1.0408,-0.0551,0.0512,-0.0389,0.0223,1620.0
IMG_0042,normal,正常,NORMAL,正常曝光；完整包含示波器屏幕；对焦清晰；相机正对屏幕,完整、亮度适中、位置居中的磁滞回线,259.039,37.337,0.7463,1.49,190.851,0.9061,0.9708,0.0408,0.0062,-0.0343,-0.0152,1484.0
IMG_0043,defect,瑕疵,small_dim_loop,保持常规相机曝光和示波器档位，不放大画面,回线过小、偏暗、有效像素少,224.101,39.278,0.2372,1.1506,193.451,0.512,0.4004,-0.0381,-0.0556,-0.0157,-0.0028,657.0
IMG_0044,defect,瑕疵,overexposed,提高相机曝光或示波器亮度，使高亮轨迹局部饱和但仍可辨认,轨迹膨胀、局部纯白、细节丢失,71.76,11.585,0.5043,0.7533,207.563,1.062,0.9212,0.035,0.0059,0.0277,0.0158,1649.0
IMG_0045,normal,正常,NORMAL,正常曝光；完整包含示波器屏幕；对焦清晰；相机正对屏幕,完整、亮度适中、位置居中的磁滞回线,407.136,66.648,0.4491,1.7021,193.904,0.9882,0.9546,-0.0059,-0.0557,0.0024,-0.0158,1588.0
IMG_0046,defect,瑕疵,scale_clipping,保持正常曝光和构图；不调整示波器档位,幅度过大，回线顶部/底部或左右边缘被截断,375.36,73.684,0.939,1.2474,202.668,1.4497,1.7268,0.0247,0.0074,-0.0381,0.0018,1818.0
IMG_0047,defect,瑕疵,defocus_motion,轻微失焦或手持轻微运动拍摄，保留可识别的整体形状,轨迹模糊、拖影或重影,49.774,8.097,0.8641,1.3207,239.004,0.9804,0.9998,-0.0106,0.0188,-0.0285,0.0173,1523.0
IMG_0048,normal,正常,NORMAL,正常曝光；完整包含示波器屏幕；对焦清晰；相机正对屏幕,完整、亮度适中、位置居中的磁滞回线,107.06,24.587,0.4449,0.9807,188.578,1.0237,1.0691,-0.0276,-0.0036,-0.011,0.0,1388.0
IMG_0049,normal,正常,NORMAL,正常曝光；完整包含示波器屏幕；对焦清晰；相机正对屏幕,完整、亮度适中、位置居中的磁滞回线,412.92,58.055,0.6614,1.1679,181.294,1.0954,0.9941,0.0032,-0.0305,0.0094,-0.0172,1602.0
IMG_0050,defect,瑕疵,small_dim_loop,保持常规相机曝光和示波器档位，不放大画面,回线过小、偏暗、有效像素少,206.134,50.944,0.5191,1.5099,197.745,0.5955,0.6921,0.0215,-0.0349,0.0125,-0.0128,340.0
IMG_0051,defect,瑕疵,offset_outside,保持正常拍摄；由固件偏置/增益使回线部分超出示波器显示范围,X 方向偏心并发生屏幕裁切,290.057,63.797,0.5731,0.8589,164.247,1.3625,1.1478,-0.6073,0.0152,-0.0024,0.0111,1635.0
IMG_0052,defect,瑕疵,small_dim_loop,保持常规相机曝光和示波器档位，不放大画面,回线过小、偏暗、有效像素少,201.775,31.902,0.4574,1.6411,213.465,0.445,0.5399,-0.0148,-0.0221,-0.0229,0.0096,385.0
IMG_0053,defect,瑕疵,defocus_motion,轻微失焦或手持轻微运动拍摄，保留可识别的整体形状,轨迹模糊、拖影或重影,225.538,58.503,0.7451,1.4064,156.693,0.9255,1.0905,0.019,0.0335,0.0239,-0.0179,1379.0
IMG_0054,normal,正常,NORMAL,正常曝光；完整包含示波器屏幕；对焦清晰；相机正对屏幕,完整、亮度适中、位置居中的磁滞回线,152.387,41.571,0.8766,1.785,219.696,0.9828,0.9053,-0.0598,0.045,0.0071,-0.0249,1510.0
IMG_0055,defect,瑕疵,partial_frame,移动或缩放相机，让屏幕边缘或磁滞回线被裁掉约 15%–45%,拍摄不完整、部分回线位于画面外,102.21,12.156,0.3289,0.8663,218.567,1.0117,0.9904,-0.0579,0.0276,-0.0124,0.0008,1556.0
IMG_0056,defect,瑕疵,tilt_asymmetry,正常拍摄，保留固件产生的倾斜与上下支不对称,回线明显倾斜、上下分支不对称,196.756,72.89,0.5917,1.4148,231.423,1.0659,1.0392,0.0425,-0.017,0.3077,0.1597,1645.0
IMG_0057,defect,瑕疵,overexposed,提高相机曝光或示波器亮度，使高亮轨迹局部饱和但仍可辨认,轨迹膨胀、局部纯白、细节丢失,293.791,59.291,0.5307,1.2844,161.229,1.0167,1.0382,-0.0184,-0.0458,-0.0276,0.0249,1434.0
IMG_0058,defect,瑕疵,scale_clipping,保持正常曝光和构图；不调整示波器档位,幅度过大，回线顶部/底部或左右边缘被截断,48.269,10.122,0.5674,1.1074,161.634,1.4664,1.8813,-0.0382,0.0288,0.035,-0.0013,1788.0
IMG_0059,defect,瑕疵,tilt_asymmetry,正常拍摄，保留固件产生的倾斜与上下支不对称,回线明显倾斜、上下分支不对称,196.097,67.093,0.5739,0.8708,189.677,0.9282,0.9141,-0.0218,-0.0486,-0.2221,-0.2062,1614.0
IMG_0060,defect,瑕疵,tilt_asymmetry,正常拍摄，保留固件产生的倾斜与上下支不对称,回线明显倾斜、上下分支不对称,366.904,63.659,0.6961,1.4433,173.653,1.0507,0.9257,-0.0372,0.0566,-0.2771,0.2259,1563.0
IMG_0061,defect,瑕疵,offset_outside,保持正常拍摄；由固件偏置/增益使回线部分超出示波器显示范围,X 方向偏心并发生屏幕裁切,354.229,65.022,0.4345,0.9216,225.437,1.3077,1.2575,0.5726,0.0359,0.0134,-0.005,1408.0
IMG_0062,normal,正常,NORMAL,正常曝光；完整包含示波器屏幕；对焦清晰；相机正对屏幕,完整、亮度适中、位置居中的磁滞回线,79.924,9.429,0.8531,1.7708,218.942,0.9863,0.9033,0.0015,0.0075,-0.0343,-0.0166,1437.0
IMG_0063,defect,瑕疵,partial_frame,移动或缩放相机，让屏幕边缘或磁滞回线被裁掉约 15%–45%,拍摄不完整、部分回线位于画面外,370.857,72.564,1.1198,1.6651,166.394,0.9313,1.0334,0.0013,0.0208,-0.0304,-0.0058,1608.0
IMG_0064,defect,瑕疵,tilt_asymmetry,正常拍摄，保留固件产生的倾斜与上下支不对称,回线明显倾斜、上下分支不对称,384.742,60.461,0.6105,0.7486,179.369,1.0487,1.0092,0.0298,-0.0303,-0.3079,-0.2075,1388.0
IMG_0065,defect,瑕疵,underexposed,降低相机曝光或示波器亮度，使轨迹明显偏暗但仍留有部分可见点,轨迹暗淡、断续、信噪比下降,228.346,52.547,0.4617,1.156,205.916,0.9486,1.0012,0.0134,0.0251,-0.0034,0.021,1594.0
IMG_0066,defect,瑕疵,offset_outside,保持正常拍摄；由固件偏置/增益使回线部分超出示波器显示范围,XY 方向偏心并发生屏幕裁切,348.059,37.975,0.3375,1.5126,195.974,1.0867,1.2059,-0.4857,0.7198,-0.0211,-0.0144,1370.0
IMG_0067,defect,瑕疵,small_dim_loop,保持常规相机曝光和示波器档位，不放大画面,回线过小、偏暗、有效像素少,294.347,30.623,0.576,0.9458,182.794,0.6194,0.3759,-0.002,0.0351,-0.032,-0.0145,634.0
IMG_0068,defect,瑕疵,tilt_asymmetry,正常拍摄，保留固件产生的倾斜与上下支不对称,回线明显倾斜、上下分支不对称,280.935,35.516,0.6071,1.5952,214.787,1.0831,0.9368,-0.0556,0.0257,0.4575,-0.1879,1387.0
IMG_0069,defect,瑕疵,underexposed,降低相机曝光或示波器亮度，使轨迹明显偏暗但仍留有部分可见点,轨迹暗淡、断续、信噪比下降,113.605,33.934,0.5965,0.8263,223.605,0.9237,1.0843,-0.0229,-0.0584,0.0008,-0.0134,1481.0
IMG_0070,defect,瑕疵,scale_clipping,保持正常曝光和构图；不调整示波器档位,幅度过大，回线顶部/底部或左右边缘被截断,412.322,58.633,0.8739,1.0335,236.592,1.481,1.3752,-0.0503,-0.052,0.0243,-0.0157,1812.0
IMG_0071,normal,正常,NORMAL,正常曝光；完整包含示波器屏幕；对焦清晰；相机正对屏幕,完整、亮度适中、位置居中的磁滞回线,324.594,55.114,0.6271,0.7569,214.877,0.9562,1.0,-0.0389,0.0539,0.031,-0.0045,1613.0
IMG_0072,normal,正常,NORMAL,正常曝光；完整包含示波器屏幕；对焦清晰；相机正对屏幕,完整、亮度适中、位置居中的磁滞回线,284.957,40.087,0.8355,1.6589,196.788,1.0028,1.094,0.0015,-0.0115,-0.0015,0.0016,1639.0
IMG_0073,defect,瑕疵,underexposed,降低相机曝光或示波器亮度，使轨迹明显偏暗但仍留有部分可见点,轨迹暗淡、断续、信噪比下降,141.375,52.567,0.3201,1.3955,218.759,0.9157,1.0421,-0.054,0.0448,-0.0185,0.0063,1410.0
IMG_0074,defect,瑕疵,tilt_asymmetry,正常拍摄，保留固件产生的倾斜与上下支不对称,回线明显倾斜、上下分支不对称,250.846,48.478,0.8989,1.731,206.938,1.0651,1.0647,0.0263,-0.0221,-0.4125,0.2714,1353.0
IMG_0075,normal,正常,NORMAL,正常曝光；完整包含示波器屏幕；对焦清晰；相机正对屏幕,完整、亮度适中、位置居中的磁滞回线,276.784,34.57,1.0313,1.4807,162.984,0.9942,0.9024,0.0146,0.0177,0.0045,0.0191,1372.0
IMG_0076,defect,瑕疵,scale_clipping,保持正常曝光和构图；不调整示波器档位,幅度过大，回线顶部/底部或左右边缘被截断,247.501,69.881,0.3328,0.9562,205.291,1.4438,1.4421,-0.0516,-0.0099,-0.0227,0.0236,1780.0
IMG_0077,defect,瑕疵,small_dim_loop,保持常规相机曝光和示波器档位，不放大画面,回线过小、偏暗、有效像素少,200.39,41.257,0.6289,0.7461,170.703,0.7146,0.578,-0.0476,0.0251,0.0206,0.0005,664.0
IMG_0078,defect,瑕疵,scale_clipping,保持正常曝光和构图；不调整示波器档位,幅度过大，回线顶部/底部或左右边缘被截断,346.838,43.724,0.4289,0.7149,193.306,1.6916,1.8598,0.0358,0.0337,0.0028,-0.0154,1752.0
IMG_0079,normal,正常,NORMAL,正常曝光；完整包含示波器屏幕；对焦清晰；相机正对屏幕,完整、亮度适中、位置居中的磁滞回线,304.136,69.454,0.313,0.8597,224.837,0.9818,0.9643,0.0202,0.0049,0.0302,-0.0119,1456.0
IMG_0080,defect,瑕疵,scale_clipping,保持正常曝光和构图；不调整示波器档位,幅度过大，回线顶部/底部或左右边缘被截断,345.694,69.573,0.2545,0.9479,151.779,1.8255,1.3522,0.0159,-0.0426,0.0145,0.0178,1791.0
IMG_0081,defect,瑕疵,tilt_asymmetry,正常拍摄，保留固件产生的倾斜与上下支不对称,回线明显倾斜、上下分支不对称,79.186,23.244,0.4208,1.3972,209.016,0.9481,1.0705,-0.0591,-0.0329,-0.213,-0.2347,1634.0
IMG_0082,defect,瑕疵,underexposed,降低相机曝光或示波器亮度，使轨迹明显偏暗但仍留有部分可见点,轨迹暗淡、断续、信噪比下降,116.851,14.793,0.4417,0.9769,177.544,0.9515,0.9056,-0.0554,-0.0508,-0.024,-0.0188,1402.0
IMG_0083,defect,瑕疵,overexposed,提高相机曝光或示波器亮度，使高亮轨迹局部饱和但仍可辨认,轨迹膨胀、局部纯白、细节丢失,195.674,56.736,1.2226,1.6815,171.384,0.9124,1.0342,-0.0096,-0.045,0.0219,0.0195,1452.0
IMG_0084,defect,瑕疵,partial_frame,移动或缩放相机，让屏幕边缘或磁滞回线被裁掉约 15%–45%,拍摄不完整、部分回线位于画面外,314.631,35.55,0.378,1.0489,190.345,1.0377,0.9545,-0.0062,-0.0178,-0.0112,0.0182,1468.0
IMG_0085,normal,正常,NORMAL,正常曝光；完整包含示波器屏幕；对焦清晰；相机正对屏幕,完整、亮度适中、位置居中的磁滞回线,366.674,39.788,0.4435,0.7136,178.226,1.0592,0.9635,-0.0491,0.0319,-0.0164,0.0217,1498.0
IMG_0086,normal,正常,NORMAL,正常曝光；完整包含示波器屏幕；对焦清晰；相机正对屏幕,完整、亮度适中、位置居中的磁滞回线,205.076,24.406,0.3921,0.9613,201.607,0.9026,1.0057,-0.0579,-0.0243,0.0023,0.0182,1417.0
IMG_0087,normal,正常,NORMAL,正常曝光；完整包含示波器屏幕；对焦清晰；相机正对屏幕,完整、亮度适中、位置居中的磁滞回线,414.351,69.225,0.6457,1.7198,215.787,0.947,0.9332,0.0128,-0.0052,0.0174,0.0234,1505.0
IMG_0088,defect,瑕疵,overexposed,提高相机曝光或示波器亮度，使高亮轨迹局部饱和但仍可辨认,轨迹膨胀、局部纯白、细节丢失,96.241,15.309,1.1411,1.6126,190.539,0.9625,1.0007,0.0218,0.024,-0.0376,-0.0026,1404.0
IMG_0089,defect,瑕疵,defocus_motion,轻微失焦或手持轻微运动拍摄，保留可识别的整体形状,轨迹模糊、拖影或重影,332.054,65.507,0.6081,1.6452,234.84,0.9075,0.9452,-0.03,0.0131,0.0041,0.0103,1574.0
IMG_0090,defect,瑕疵,small_dim_loop,保持常规相机曝光和示波器档位，不放大画面,回线过小、偏暗、有效像素少,219.134,74.925,0.2248,1.1105,173.046,0.7284,0.4204,0.0173,0.0013,0.0087,0.0158,386.0
IMG_0091,normal,正常,NORMAL,正常曝光；完整包含示波器屏幕；对焦清晰；相机正对屏幕,完整、亮度适中、位置居中的磁滞回线,119.957,22.609,1.1263,1.7405,182.112,0.9795,1.0516,-0.0402,0.0455,0.0157,-0.0212,1501.0
IMG_0092,normal,正常,NORMAL,正常曝光；完整包含示波器屏幕；对焦清晰；相机正对屏幕,完整、亮度适中、位置居中的磁滞回线,241.472,43.2,1.0364,1.5266,238.767,0.9368,0.985,0.0436,0.0243,-0.0087,0.0007,1594.0
IMG_0093,defect,瑕疵,overexposed,提高相机曝光或示波器亮度，使高亮轨迹局部饱和但仍可辨认,轨迹膨胀、局部纯白、细节丢失,272.367,68.106,0.644,1.1336,235.378,0.9097,1.0918,0.0158,0.0416,0.0298,-0.0064,1529.0
IMG_0094,defect,瑕疵,underexposed,降低相机曝光或示波器亮度，使轨迹明显偏暗但仍留有部分可见点,轨迹暗淡、断续、信噪比下降,86.586,8.818,1.1209,1.4478,211.902,0.9028,0.9605,-0.0535,-0.0485,-0.0137,0.0201,1578.0
IMG_0095,defect,瑕疵,offset_outside,保持正常拍摄；由固件偏置/增益使回线部分超出示波器显示范围,Y 方向偏心并发生屏幕裁切,237.84,24.494,0.5199,1.0489,231.809,1.0603,1.2822,-0.0537,0.7599,-0.0175,0.0181,1613.0
IMG_0096,defect,瑕疵,tilt_asymmetry,正常拍摄，保留固件产生的倾斜与上下支不对称,回线明显倾斜、上下分支不对称,406.964,74.898,0.5154,0.8892,198.618,0.931,1.023,-0.0565,0.0372,-0.3556,0.2093,1548.0
IMG_0097,defect,瑕疵,defocus_motion,轻微失焦或手持轻微运动拍摄，保留可识别的整体形状,轨迹模糊、拖影或重影,393.336,67.254,0.7211,1.4592,166.921,0.9513,0.9267,0.041,0.024,0.0108,-0.0025,1374.0
IMG_0098,defect,瑕疵,defocus_motion,轻微失焦或手持轻微运动拍摄，保留可识别的整体形状,轨迹模糊、拖影或重影,178.823,31.772,0.9332,1.6763,216.352,0.9781,1.0606,-0.0185,0.0489,-0.0218,0.0036,1475.0
IMG_0099,defect,瑕疵,scale_clipping,保持正常曝光和构图；不调整示波器档位,幅度过大，回线顶部/底部或左右边缘被截断,115.104,13.418,0.4156,1.395,175.366,1.3905,1.6489,-0.0008,-0.0136,-0.0343,-0.0124,1887.0
IMG_0100,defect,瑕疵,underexposed,降低相机曝光或示波器亮度，使轨迹明显偏暗但仍留有部分可见点,轨迹暗淡、断续、信噪比下降,280.996,73.462,0.1864,0.717,150.929,1.0481,1.0246,-0.0322,-0.0378,0.0319,0.0067,1460.0
IMG_0101,normal,正常,NORMAL,正常曝光；完整包含示波器屏幕；对焦清晰；相机正对屏幕,完整、亮度适中、位置居中的磁滞回线,46.672,10.91,0.7815,1.4741,233.363,0.9903,0.9097,0.0111,-0.0494,0.0343,-0.0235,1558.0
IMG_0102,normal,正常,NORMAL,正常曝光；完整包含示波器屏幕；对焦清晰；相机正对屏幕,完整、亮度适中、位置居中的磁滞回线,414.531,67.151,0.4947,1.3575,150.95,0.9592,0.9801,0.0398,0.0528,0.0245,-0.006,1643.0
IMG_0103,defect,瑕疵,scale_clipping,保持正常曝光和构图；不调整示波器档位,幅度过大，回线顶部/底部或左右边缘被截断,65.861,7.443,0.5676,0.9049,238.736,1.7771,1.5711,-0.0061,0.0086,-0.0011,0.0195,1784.0
IMG_0104,normal,正常,NORMAL,正常曝光；完整包含示波器屏幕；对焦清晰；相机正对屏幕,完整、亮度适中、位置居中的磁滞回线,76.233,15.699,0.2902,1.5761,211.681,1.0183,0.9341,-0.0386,0.0089,0.0326,0.0211,1540.0
IMG_0105,defect,瑕疵,overexposed,提高相机曝光或示波器亮度，使高亮轨迹局部饱和但仍可辨认,轨迹膨胀、局部纯白、细节丢失,282.584,56.211,0.8441,1.4947,229.118,0.9038,1.0661,0.0339,0.0244,0.0356,-0.0249,1528.0
IMG_0106,defect,瑕疵,small_dim_loop,保持常规相机曝光和示波器档位，不放大画面,回线过小、偏暗、有效像素少,55.858,17.93,0.4642,0.8239,180.999,0.4248,0.4813,0.0519,-0.0092,-0.0148,-0.0188,661.0
IMG_0107,defect,瑕疵,underexposed,降低相机曝光或示波器亮度，使轨迹明显偏暗但仍留有部分可见点,轨迹暗淡、断续、信噪比下降,354.187,64.375,1.4693,1.7671,224.239,0.9124,0.9737,-0.0137,0.0433,0.0392,0.0036,1611.0
IMG_0108,defect,瑕疵,small_dim_loop,保持常规相机曝光和示波器档位，不放大画面,回线过小、偏暗、有效像素少,210.339,67.191,0.2946,0.988,163.715,0.7102,0.7265,-0.0283,0.0594,-0.0191,0.018,714.0
IMG_0109,defect,瑕疵,tilt_asymmetry,正常拍摄，保留固件产生的倾斜与上下支不对称,回线明显倾斜、上下分支不对称,84.229,16.242,0.7832,1.0024,198.418,0.9392,0.9546,-0.0116,-0.004,0.3967,-0.2532,1519.0
IMG_0110,defect,瑕疵,small_dim_loop,保持常规相机曝光和示波器档位，不放大画面,回线过小、偏暗、有效像素少,353.286,65.938,0.4834,1.1863,206.098,0.3528,0.5708,-0.0552,0.0474,0.0161,0.0235,407.0
IMG_0111,normal,正常,NORMAL,正常曝光；完整包含示波器屏幕；对焦清晰；相机正对屏幕,完整、亮度适中、位置居中的磁滞回线,110.564,31.156,0.2687,1.0983,209.117,1.0414,0.9615,-0.0217,0.0384,-0.0383,-0.0232,1619.0
IMG_0112,defect,瑕疵,underexposed,降低相机曝光或示波器亮度，使轨迹明显偏暗但仍留有部分可见点,轨迹暗淡、断续、信噪比下降,271.096,34.958,0.4845,1.0087,238.076,0.9749,1.0111,-0.0062,-0.037,-0.0356,0.02,1535.0
IMG_0113,defect,瑕疵,tilt_asymmetry,正常拍摄，保留固件产生的倾斜与上下支不对称,回线明显倾斜、上下分支不对称,179.089,66.444,0.672,1.1932,231.037,1.0065,1.0842,-0.0188,0.0225,-0.1888,0.2473,1533.0
IMG_0114,defect,瑕疵,scale_clipping,保持正常曝光和构图；不调整示波器档位,幅度过大，回线顶部/底部或左右边缘被截断,389.334,55.714,0.6778,1.3195,191.107,1.6297,1.6914,0.0219,0.0106,-0.0167,-0.0236,1773.0
IMG_0115,normal,正常,NORMAL,正常曝光；完整包含示波器屏幕；对焦清晰；相机正对屏幕,完整、亮度适中、位置居中的磁滞回线,410.91,64.957,0.8161,1.6532,179.586,1.0549,0.9582,0.0548,-0.0355,-0.0112,-0.0194,1529.0
IMG_0116,defect,瑕疵,small_dim_loop,保持常规相机曝光和示波器档位，不放大画面,回线过小、偏暗、有效像素少,141.713,38.417,1.1568,1.5922,210.613,0.6502,0.6652,-0.0586,0.0355,0.0078,0.0177,284.0
IMG_0117,normal,正常,NORMAL,正常曝光；完整包含示波器屏幕；对焦清晰；相机正对屏幕,完整、亮度适中、位置居中的磁滞回线,249.898,58.444,0.432,1.1661,207.451,1.0478,1.0138,0.038,-0.032,-0.0099,0.0123,1525.0
IMG_0118,normal,正常,NORMAL,正常曝光；完整包含示波器屏幕；对焦清晰；相机正对屏幕,完整、亮度适中、位置居中的磁滞回线,273.687,66.814,1.0843,1.384,163.048,0.9585,1.0391,-0.0241,0.0376,-0.0318,-0.0174,1520.0
IMG_0119,normal,正常,NORMAL,正常曝光；完整包含示波器屏幕；对焦清晰；相机正对屏幕,完整、亮度适中、位置居中的磁滞回线,411.758,64.995,0.8171,1.3118,197.649,0.9664,1.0296,-0.003,-0.0598,0.0336,-0.0049,1469.0
IMG_0120,defect,瑕疵,scale_clipping,保持正常曝光和构图；不调整示波器档位,幅度过大，回线顶部/底部或左右边缘被截断,378.322,65.823,0.8234,1.177,174.52,1.8531,1.6402,-0.0119,0.0383,-0.0246,-0.0009,1827.0
IMG_0121,defect,瑕疵,offset_outside,保持正常拍摄；由固件偏置/增益使回线部分超出示波器显示范围,Y 方向偏心并发生屏幕裁切,206.333,30.708,0.1683,0.7562,159.971,1.3503,1.3808,0.0297,-0.58,0.0006,0.0025,1379.0
IMG_0122,defect,瑕疵,tilt_asymmetry,正常拍摄，保留固件产生的倾斜与上下支不对称,回线明显倾斜、上下分支不对称,190.782,19.16,0.5794,0.9258,157.96,1.0427,0.9857,-0.0099,-0.0583,-0.3273,0.2643,1556.0
IMG_0123,defect,瑕疵,underexposed,降低相机曝光或示波器亮度，使轨迹明显偏暗但仍留有部分可见点,轨迹暗淡、断续、信噪比下降,349.347,45.421,0.9083,1.637,170.109,0.9836,1.0458,-0.0104,0.047,0.0158,-0.0001,1357.0
IMG_0124,defect,瑕疵,partial_frame,移动或缩放相机，让屏幕边缘或磁滞回线被裁掉约 15%–45%,拍摄不完整、部分回线位于画面外,258.221,72.183,0.4833,1.2938,170.94,1.0711,1.0488,-0.0354,0.0274,-0.0244,0.0071,1408.0
IMG_0125,defect,瑕疵,partial_frame,移动或缩放相机，让屏幕边缘或磁滞回线被裁掉约 15%–45%,拍摄不完整、部分回线位于画面外,90.28,20.126,0.2505,1.2125,221.402,0.999,0.9482,-0.029,0.0441,-0.0191,-0.0029,1495.0
IMG_0126,defect,瑕疵,underexposed,降低相机曝光或示波器亮度，使轨迹明显偏暗但仍留有部分可见点,轨迹暗淡、断续、信噪比下降,325.537,73.016,0.5156,1.1111,237.964,1.0894,0.9694,-0.0374,0.0291,-0.0347,0.0148,1376.0
IMG_0127,defect,瑕疵,scale_clipping,保持正常曝光和构图；不调整示波器档位,幅度过大，回线顶部/底部或左右边缘被截断,274.088,53.71,0.2907,0.7593,193.788,1.5595,1.3832,0.0153,0.0288,-0.0199,0.0023,1721.0
IMG_0128,normal,正常,NORMAL,正常曝光；完整包含示波器屏幕；对焦清晰；相机正对屏幕,完整、亮度适中、位置居中的磁滞回线,62.434,7.225,1.098,1.4289,210.416,1.0648,0.9078,0.019,0.0474,0.0238,-0.0137,1639.0
IMG_0129,defect,瑕疵,scale_clipping,保持正常曝光和构图；不调整示波器档位,幅度过大，回线顶部/底部或左右边缘被截断,53.103,21.228,0.2547,0.8929,194.609,1.8861,1.5482,-0.0265,-0.0065,0.006,0.0083,1820.0
IMG_0130,defect,瑕疵,partial_frame,移动或缩放相机，让屏幕边缘或磁滞回线被裁掉约 15%–45%,拍摄不完整、部分回线位于画面外,366.747,49.329,1.0411,1.6676,170.584,0.9134,1.0552,0.0372,0.0418,0.0217,0.0141,1642.0
IMG_0131,defect,瑕疵,small_dim_loop,保持常规相机曝光和示波器档位，不放大画面,回线过小、偏暗、有效像素少,179.121,37.898,0.6363,1.0987,166.104,0.3903,0.7472,0.0226,-0.0379,-0.0155,-0.0243,743.0
IMG_0132,defect,瑕疵,overexposed,提高相机曝光或示波器亮度，使高亮轨迹局部饱和但仍可辨认,轨迹膨胀、局部纯白、细节丢失,47.36,15.88,1.307,1.5276,231.557,0.9216,0.973,-0.0228,-0.042,-0.0302,-0.014,1370.0
IMG_0133,defect,瑕疵,offset_outside,保持正常拍摄；由固件偏置/增益使回线部分超出示波器显示范围,Y 方向偏心并发生屏幕裁切,200.544,67.821,0.5287,1.5705,161.104,1.1785,1.2455,-0.031,0.5349,0.0036,0.0166,1636.0
IMG_0134,defect,瑕疵,tilt_asymmetry,正常拍摄，保留固件产生的倾斜与上下支不对称,回线明显倾斜、上下分支不对称,403.256,74.534,0.8884,1.4674,179.783,0.9347,1.0022,-0.0417,0.016,-0.3957,0.1898,1444.0
IMG_0135,defect,瑕疵,small_dim_loop,保持常规相机曝光和示波器档位，不放大画面,回线过小、偏暗、有效像素少,78.521,25.101,0.9319,1.2592,186.412,0.372,0.4004,-0.0577,0.0582,0.0077,-0.0236,516.0
IMG_0136,defect,瑕疵,underexposed,降低相机曝光或示波器亮度，使轨迹明显偏暗但仍留有部分可见点,轨迹暗淡、断续、信噪比下降,112.969,17.883,0.2608,0.8397,215.06,0.9387,0.9852,-0.0164,0.0075,-0.0022,0.0139,1589.0
IMG_0137,defect,瑕疵,small_dim_loop,保持常规相机曝光和示波器档位，不放大画面,回线过小、偏暗、有效像素少,99.261,11.1,0.6511,1.5726,235.184,0.3523,0.5099,-0.0091,-0.0264,0.0249,-0.0082,565.0
IMG_0138,defect,瑕疵,partial_frame,移动或缩放相机，让屏幕边缘或磁滞回线被裁掉约 15%–45%,拍摄不完整、部分回线位于画面外,410.855,55.936,0.1966,1.0895,229.704,1.0838,0.9095,-0.0051,-0.0144,0.0263,0.0032,1510.0
IMG_0139,defect,瑕疵,underexposed,降低相机曝光或示波器亮度，使轨迹明显偏暗但仍留有部分可见点,轨迹暗淡、断续、信噪比下降,387.701,71.628,0.7413,1.2241,222.943,1.0739,0.9329,-0.0113,0.0543,-0.0049,0.0031,1581.0
IMG_0140,defect,瑕疵,partial_frame,移动或缩放相机，让屏幕边缘或磁滞回线被裁掉约 15%–45%,拍摄不完整、部分回线位于画面外,242.446,58.335,0.4816,1.3981,206.035,1.0525,1.0721,0.0497,-0.0366,-0.0113,-0.022,1569.0
IMG_0141,defect,瑕疵,tilt_asymmetry,正常拍摄，保留固件产生的倾斜与上下支不对称,回线明显倾斜、上下分支不对称,175.503,42.393,0.4125,0.9105,201.737,0.9453,0.9863,-0.0041,0.0071,-0.4317,-0.2335,1355.0
IMG_0142,defect,瑕疵,scale_clipping,保持正常曝光和构图；不调整示波器档位,幅度过大，回线顶部/底部或左右边缘被截断,295.083,30.436,0.6696,1.4471,211.945,1.7995,1.377,0.0282,-0.035,-0.0064,0.0023,1825.0
IMG_0143,defect,瑕疵,overexposed,提高相机曝光或示波器亮度，使高亮轨迹局部饱和但仍可辨认,轨迹膨胀、局部纯白、细节丢失,99.322,39.745,0.6223,0.725,187.378,0.9918,0.9864,0.0457,-0.0239,0.025,-0.005,1354.0
IMG_0144,defect,瑕疵,partial_frame,移动或缩放相机，让屏幕边缘或磁滞回线被裁掉约 15%–45%,拍摄不完整、部分回线位于画面外,222.628,43.327,0.5897,1.0174,172.062,1.0166,0.9471,-0.0574,0.0294,0.0337,0.003,1569.0
IMG_0145,defect,瑕疵,small_dim_loop,保持常规相机曝光和示波器档位，不放大画面,回线过小、偏暗、有效像素少,106.72,16.198,0.9825,1.3271,221.969,0.4894,0.6256,-0.0322,-0.0504,-0.0079,-0.007,420.0
IMG_0146,defect,瑕疵,partial_frame,移动或缩放相机，让屏幕边缘或磁滞回线被裁掉约 15%–45%,拍摄不完整、部分回线位于画面外,192.364,47.997,0.5042,1.63,205.772,0.9081,1.0721,0.034,0.0396,0.0254,0.019,1515.0
IMG_0147,defect,瑕疵,underexposed,降低相机曝光或示波器亮度，使轨迹明显偏暗但仍留有部分可见点,轨迹暗淡、断续、信噪比下降,234.718,52.605,0.6579,1.0922,167.117,0.9859,1.0619,-0.0323,0.0104,-0.0047,-0.0069,1518.0
IMG_0148,defect,瑕疵,partial_frame,移动或缩放相机，让屏幕边缘或磁滞回线被裁掉约 15%–45%,拍摄不完整、部分回线位于画面外,91.676,12.799,0.8603,0.9792,162.998,0.9123,1.0297,0.0499,0.0045,0.0132,-0.0229,1364.0
IMG_0149,defect,瑕疵,scale_clipping,保持正常曝光和构图；不调整示波器档位,幅度过大，回线顶部/底部或左右边缘被截断,151.239,56.352,0.2396,1.3097,204.254,1.8463,1.4278,0.0221,-0.0489,-0.0377,0.0153,1825.0
IMG_0150,defect,瑕疵,defocus_motion,轻微失焦或手持轻微运动拍摄，保留可识别的整体形状,轨迹模糊、拖影或重影,292.21,34.171,0.7676,1.2549,163.634,1.0951,0.9013,0.0225,-0.0328,-0.0254,0.0246,1392.0
IMG_0151,defect,瑕疵,defocus_motion,轻微失焦或手持轻微运动拍摄，保留可识别的整体形状,轨迹模糊、拖影或重影,147.636,38.414,0.3826,1.1389,173.897,0.9762,1.0321,-0.0484,0.057,-0.0308,-0.014,1452.0
IMG_0152,defect,瑕疵,scale_clipping,保持正常曝光和构图；不调整示波器档位,幅度过大，回线顶部/底部或左右边缘被截断,339.62,72.796,0.4389,0.7647,200.011,1.7469,1.3892,-0.0084,0.0349,0.0163,-0.0217,1768.0
IMG_0153,defect,瑕疵,overexposed,提高相机曝光或示波器亮度，使高亮轨迹局部饱和但仍可辨认,轨迹膨胀、局部纯白、细节丢失,74.652,10.675,0.592,1.4579,194.417,1.0116,1.0834,0.014,0.0205,0.0249,0.0055,1590.0
IMG_0154,defect,瑕疵,small_dim_loop,保持常规相机曝光和示波器档位，不放大画面,回线过小、偏暗、有效像素少,201.096,25.22,1.0966,1.4838,210.682,0.5649,0.3668,-0.037,0.028,0.0303,-0.0118,670.0
IMG_0155,normal,正常,NORMAL,正常曝光；完整包含示波器屏幕；对焦清晰；相机正对屏幕,完整、亮度适中、位置居中的磁滞回线,187.439,68.184,0.2062,0.8674,194.651,0.9717,1.0455,0.0362,-0.0316,-0.0125,0.003,1495.0
IMG_0156,defect,瑕疵,tilt_asymmetry,正常拍摄，保留固件产生的倾斜与上下支不对称,回线明显倾斜、上下分支不对称,166.949,42.537,0.5976,0.8612,229.411,0.9344,0.9418,0.028,-0.0033,-0.3355,-0.171,1534.0
IMG_0157,normal,正常,NORMAL,正常曝光；完整包含示波器屏幕；对焦清晰；相机正对屏幕,完整、亮度适中、位置居中的磁滞回线,339.638,42.39,0.4082,0.9312,204.45,1.0467,1.0116,0.0503,-0.0027,0.0184,-0.0098,1623.0
IMG_0158,normal,正常,NORMAL,正常曝光；完整包含示波器屏幕；对焦清晰；相机正对屏幕,完整、亮度适中、位置居中的磁滞回线,314.38,52.141,1.3225,1.6839,162.055,0.9466,1.0361,0.0393,0.0017,0.0045,-0.0004,1627.0
IMG_0159,defect,瑕疵,small_dim_loop,保持常规相机曝光和示波器档位，不放大画面,回线过小、偏暗、有效像素少,205.274,43.68,1.1674,1.5961,228.417,0.6795,0.507,0.0262,0.0212,0.0191,0.0182,325.0
IMG_0160,defect,瑕疵,underexposed,降低相机曝光或示波器亮度，使轨迹明显偏暗但仍留有部分可见点,轨迹暗淡、断续、信噪比下降,93.14,15.832,0.3484,1.0246,185.149,0.9474,0.9517,-0.0112,-0.0031,-0.0342,-0.0055,1400.0
IMG_0161,defect,瑕疵,underexposed,降低相机曝光或示波器亮度，使轨迹明显偏暗但仍留有部分可见点,轨迹暗淡、断续、信噪比下降,163.22,58.641,0.7032,1.6382,182.158,1.032,1.0173,0.0215,0.013,0.0333,-0.0074,1356.0
IMG_0162,defect,瑕疵,underexposed,降低相机曝光或示波器亮度，使轨迹明显偏暗但仍留有部分可见点,轨迹暗淡、断续、信噪比下降,208.672,58.403,1.2581,1.6421,167.979,1.0927,0.9602,0.0255,0.0081,0.016,0.0171,1624.0
IMG_0163,defect,瑕疵,scale_clipping,保持正常曝光和构图；不调整示波器档位,幅度过大，回线顶部/底部或左右边缘被截断,237.52,36.175,0.8677,1.6164,185.703,1.4429,1.867,0.0482,0.0254,0.0199,-0.0139,1788.0
IMG_0164,defect,瑕疵,tilt_asymmetry,正常拍摄，保留固件产生的倾斜与上下支不对称,回线明显倾斜、上下分支不对称,291.998,35.076,0.9134,1.7177,229.84,0.9475,1.0923,0.0298,0.0254,0.1912,-0.209,1509.0
IMG_0165,defect,瑕疵,overexposed,提高相机曝光或示波器亮度，使高亮轨迹局部饱和但仍可辨认,轨迹膨胀、局部纯白、细节丢失,54.522,11.124,0.2665,1.3141,227.602,1.0161,1.0076,0.0564,0.0278,-0.008,-0.0213,1449.0
IMG_0166,defect,瑕疵,offset_outside,保持正常拍摄；由固件偏置/增益使回线部分超出示波器显示范围,XY 方向偏心并发生屏幕裁切,329.0,66.088,1.2176,1.7314,161.743,1.1856,1.2681,-0.5379,0.7381,-0.0309,-0.0114,1636.0
IMG_0167,defect,瑕疵,overexposed,提高相机曝光或示波器亮度，使高亮轨迹局部饱和但仍可辨认,轨迹膨胀、局部纯白、细节丢失,93.858,19.304,1.3483,1.6185,185.642,0.9612,1.0046,0.0027,0.0469,-0.023,0.0135,1371.0
IMG_0168,defect,瑕疵,tilt_asymmetry,正常拍摄，保留固件产生的倾斜与上下支不对称,回线明显倾斜、上下分支不对称,63.924,10.498,1.0901,1.4672,219.837,1.0877,1.0487,-0.0398,0.0143,-0.3102,-0.1722,1435.0
IMG_0169,normal,正常,NORMAL,正常曝光；完整包含示波器屏幕；对焦清晰；相机正对屏幕,完整、亮度适中、位置居中的磁滞回线,93.606,29.729,0.5169,0.8011,227.967,0.9811,0.9452,0.0559,-0.0281,-0.0353,0.0175,1362.0
IMG_0170,defect,瑕疵,small_dim_loop,保持常规相机曝光和示波器档位，不放大画面,回线过小、偏暗、有效像素少,46.097,15.691,0.6749,1.4945,219.335,0.5992,0.744,0.0258,-0.047,-0.0062,-0.0025,264.0
IMG_0171,defect,瑕疵,partial_frame,移动或缩放相机，让屏幕边缘或磁滞回线被裁掉约 15%–45%,拍摄不完整、部分回线位于画面外,65.36,15.467,0.6007,0.8121,172.08,1.0932,0.9318,0.0263,-0.0454,-0.0133,0.0156,1431.0
IMG_0172,normal,正常,NORMAL,正常曝光；完整包含示波器屏幕；对焦清晰；相机正对屏幕,完整、亮度适中、位置居中的磁滞回线,190.976,74.862,0.8464,1.4015,232.329,1.005,1.0642,0.044,-0.0521,0.0128,-0.0045,1522.0
IMG_0173,normal,正常,NORMAL,正常曝光；完整包含示波器屏幕；对焦清晰；相机正对屏幕,完整、亮度适中、位置居中的磁滞回线,98.685,16.771,0.439,1.7829,189.448,0.9373,1.0877,-0.0534,-0.0315,-0.0269,0.0147,1506.0
IMG_0174,defect,瑕疵,partial_frame,移动或缩放相机，让屏幕边缘或磁滞回线被裁掉约 15%–45%,拍摄不完整、部分回线位于画面外,208.175,40.118,0.337,0.9815,178.143,1.0229,0.9752,-0.0583,0.0356,0.0395,-0.0205,1572.0
IMG_0175,normal,正常,NORMAL,正常曝光；完整包含示波器屏幕；对焦清晰；相机正对屏幕,完整、亮度适中、位置居中的磁滞回线,415.443,68.016,0.6355,1.7856,161.666,0.999,1.0464,0.0073,0.0283,-0.0253,-0.0206,1372.0
IMG_0176,defect,瑕疵,tilt_asymmetry,正常拍摄，保留固件产生的倾斜与上下支不对称,回线明显倾斜、上下分支不对称,331.883,54.105,0.6432,1.6256,179.475,1.0793,1.0474,-0.0194,0.0376,-0.4259,-0.1332,1412.0
IMG_0177,defect,瑕疵,defocus_motion,轻微失焦或手持轻微运动拍摄，保留可识别的整体形状,轨迹模糊、拖影或重影,82.121,26.363,0.7823,1.7666,200.572,1.0648,0.9227,0.0486,0.0371,0.0089,0.0176,1448.0
IMG_0178,defect,瑕疵,underexposed,降低相机曝光或示波器亮度，使轨迹明显偏暗但仍留有部分可见点,轨迹暗淡、断续、信噪比下降,261.013,52.106,0.2697,0.8989,153.145,1.022,1.0025,-0.0596,-0.0155,-0.024,0.0125,1575.0
IMG_0179,defect,瑕疵,tilt_asymmetry,正常拍摄，保留固件产生的倾斜与上下支不对称,回线明显倾斜、上下分支不对称,112.248,15.495,0.3398,1.1417,216.815,1.0511,0.9086,0.0002,-0.017,0.1964,0.1603,1544.0
IMG_0180,defect,瑕疵,offset_outside,保持正常拍摄；由固件偏置/增益使回线部分超出示波器显示范围,X 方向偏心并发生屏幕裁切,348.68,39.513,0.8805,1.1752,179.225,1.3651,1.2386,0.5048,0.0483,0.0377,-0.0134,1436.0
IMG_0181,defect,瑕疵,underexposed,降低相机曝光或示波器亮度，使轨迹明显偏暗但仍留有部分可见点,轨迹暗淡、断续、信噪比下降,175.872,43.644,1.0003,1.2704,196.59,0.9232,1.05,0.0263,-0.0556,0.0271,0.0136,1476.0
IMG_0182,defect,瑕疵,offset_outside,保持正常拍摄；由固件偏置/增益使回线部分超出示波器显示范围,XY 方向偏心并发生屏幕裁切,147.57,43.675,1.3505,1.7969,231.835,1.318,1.0838,-0.5669,-0.7124,-0.0251,-0.0144,1384.0
IMG_0183,defect,瑕疵,partial_frame,移动或缩放相机，让屏幕边缘或磁滞回线被裁掉约 15%–45%,拍摄不完整、部分回线位于画面外,208.831,59.785,1.2215,1.7081,173.194,0.9356,1.0333,0.0086,-0.0086,0.0074,0.0149,1554.0
IMG_0184,normal,正常,NORMAL,正常曝光；完整包含示波器屏幕；对焦清晰；相机正对屏幕,完整、亮度适中、位置居中的磁滞回线,54.592,6.681,0.2153,0.8308,154.245,0.9635,0.956,0.0397,-0.0414,-0.0304,0.0004,1469.0
IMG_0185,defect,瑕疵,defocus_motion,轻微失焦或手持轻微运动拍摄，保留可识别的整体形状,轨迹模糊、拖影或重影,62.074,13.685,0.9631,1.3437,181.824,1.0547,0.9415,-0.0027,-0.0464,0.0063,-0.0202,1413.0
IMG_0186,defect,瑕疵,defocus_motion,轻微失焦或手持轻微运动拍摄，保留可识别的整体形状,轨迹模糊、拖影或重影,121.242,35.983,1.0967,1.6729,157.959,0.9685,1.0365,0.034,-0.0541,0.0208,0.0247,1521.0
IMG_0187,defect,瑕疵,small_dim_loop,保持常规相机曝光和示波器档位，不放大画面,回线过小、偏暗、有效像素少,292.184,41.476,0.4509,1.6674,165.807,0.6897,0.4644,-0.0277,0.0205,-0.0303,0.0167,273.0
IMG_0188,defect,瑕疵,partial_frame,移动或缩放相机，让屏幕边缘或磁滞回线被裁掉约 15%–45%,拍摄不完整、部分回线位于画面外,171.782,36.563,0.3713,1.0062,210.259,1.0663,0.9483,-0.0428,-0.0354,-0.0399,-0.0222,1610.0
IMG_0189,defect,瑕疵,tilt_asymmetry,正常拍摄，保留固件产生的倾斜与上下支不对称,回线明显倾斜、上下分支不对称,359.494,49.625,0.3348,0.9164,169.044,0.9438,1.0436,-0.0049,0.023,0.454,-0.1879,1594.0
IMG_0190,defect,瑕疵,offset_outside,保持正常拍摄；由固件偏置/增益使回线部分超出示波器显示范围,Y 方向偏心并发生屏幕裁切,107.051,23.917,0.6084,1.5993,238.135,1.2954,1.1183,-0.0474,-0.7274,-0.0208,-0.0051,1637.0
IMG_0191,defect,瑕疵,defocus_motion,轻微失焦或手持轻微运动拍摄，保留可识别的整体形状,轨迹模糊、拖影或重影,346.429,49.529,0.3714,1.4752,185.826,1.0754,0.9532,0.0385,-0.0253,0.0205,0.0176,1614.0
IMG_0192,defect,瑕疵,tilt_asymmetry,正常拍摄，保留固件产生的倾斜与上下支不对称,回线明显倾斜、上下分支不对称,97.162,28.485,0.3446,0.848,206.968,0.9711,1.0629,0.0168,-0.0355,0.3384,-0.1911,1571.0
IMG_0193,defect,瑕疵,tilt_asymmetry,正常拍摄，保留固件产生的倾斜与上下支不对称,回线明显倾斜、上下分支不对称,136.81,19.587,0.8055,0.975,232.71,1.0151,1.0287,0.053,-0.0511,-0.2036,-0.1995,1499.0
IMG_0194,normal,正常,NORMAL,正常曝光；完整包含示波器屏幕；对焦清晰；相机正对屏幕,完整、亮度适中、位置居中的磁滞回线,78.917,10.74,0.8346,1.1704,152.521,0.9353,1.0963,-0.0156,0.032,-0.0058,0.0143,1384.0
IMG_0195,defect,瑕疵,partial_frame,移动或缩放相机，让屏幕边缘或磁滞回线被裁掉约 15%–45%,拍摄不完整、部分回线位于画面外,57.045,15.637,0.3276,0.8706,162.107,1.0901,0.972,0.0034,-0.0499,0.0196,0.0004,1591.0
IMG_0196,normal,正常,NORMAL,正常曝光；完整包含示波器屏幕；对焦清晰；相机正对屏幕,完整、亮度适中、位置居中的磁滞回线,283.758,54.213,0.4514,0.8473,186.091,0.9036,1.0147,0.0521,0.0212,-0.0356,-0.017,1373.0
IMG_0197,defect,瑕疵,small_dim_loop,保持常规相机曝光和示波器档位，不放大画面,回线过小、偏暗、有效像素少,215.158,27.339,0.53,1.2645,153.803,0.5425,0.713,0.0404,-0.0495,-0.004,-0.0235,396.0
IMG_0198,defect,瑕疵,partial_frame,移动或缩放相机，让屏幕边缘或磁滞回线被裁掉约 15%–45%,拍摄不完整、部分回线位于画面外,160.353,66.098,1.2865,1.7667,191.629,0.9541,1.0065,-0.044,-0.0506,0.021,0.0186,1458.0
IMG_0199,normal,正常,NORMAL,正常曝光；完整包含示波器屏幕；对焦清晰；相机正对屏幕,完整、亮度适中、位置居中的磁滞回线,162.18,25.314,0.5662,1.7381,214.988,0.9848,1.0649,0.0487,0.0073,0.0081,-0.0229,1546.0
IMG_0200,normal,正常,NORMAL,正常曝光；完整包含示波器屏幕；对焦清晰；相机正对屏幕,完整、亮度适中、位置居中的磁滞回线,187.765,30.143,0.5121,0.714,152.135,0.9683,0.9294,-0.0275,-0.0308,-0.0282,-0.0055,1474.0
IMG_0201,normal,正常,NORMAL,正常曝光；完整包含示波器屏幕；对焦清晰；相机正对屏幕,完整、亮度适中、位置居中的磁滞回线,139.494,30.212,1.0289,1.2354,211.826,1.0508,1.0216,-0.0134,-0.0279,-0.0048,0.002,1529.0
IMG_0202,normal,正常,NORMAL,正常曝光；完整包含示波器屏幕；对焦清晰；相机正对屏幕,完整、亮度适中、位置居中的磁滞回线,68.414,8.869,0.3489,0.8628,213.475,0.9642,0.9253,-0.0253,-0.0461,-0.0128,0.0195,1359.0
IMG_0203,defect,瑕疵,small_dim_loop,保持常规相机曝光和示波器档位，不放大画面,回线过小、偏暗、有效像素少,76.618,27.661,0.3564,1.5698,199.679,0.5935,0.4799,-0.0085,0.0335,-0.0296,0.0175,640.0
IMG_0204,defect,瑕疵,partial_frame,移动或缩放相机，让屏幕边缘或磁滞回线被裁掉约 15%–45%,拍摄不完整、部分回线位于画面外,112.394,13.829,1.0446,1.5294,177.046,0.9178,0.9279,0.0282,-0.0114,-0.0399,-0.009,1648.0
IMG_0205,defect,瑕疵,offset_outside,保持正常拍摄；由固件偏置/增益使回线部分超出示波器显示范围,X 方向偏心并发生屏幕裁切,312.286,71.259,0.5287,1.171,156.438,1.1273,1.1807,-0.7597,-0.036,0.0049,-0.0128,1497.0
IMG_0206,normal,正常,NORMAL,正常曝光；完整包含示波器屏幕；对焦清晰；相机正对屏幕,完整、亮度适中、位置居中的磁滞回线,87.74,11.846,0.9156,1.3177,214.664,0.9824,1.0757,-0.0579,-0.0195,-0.0291,0.0007,1505.0
IMG_0207,defect,瑕疵,partial_frame,移动或缩放相机，让屏幕边缘或磁滞回线被裁掉约 15%–45%,拍摄不完整、部分回线位于画面外,97.377,11.249,1.0065,1.1725,233.876,0.9602,0.9498,0.0518,0.0112,-0.0261,-0.0009,1464.0
IMG_0208,defect,瑕疵,defocus_motion,轻微失焦或手持轻微运动拍摄，保留可识别的整体形状,轨迹模糊、拖影或重影,61.378,7.276,0.5059,1.4755,196.553,1.0301,0.9851,-0.0124,-0.0458,0.0077,-0.0239,1546.0
IMG_0209,defect,瑕疵,small_dim_loop,保持常规相机曝光和示波器档位，不放大画面,回线过小、偏暗、有效像素少,355.263,42.233,0.5733,0.7905,150.975,0.6506,0.377,0.0598,-0.0496,0.0156,0.0151,540.0
IMG_0210,defect,瑕疵,overexposed,提高相机曝光或示波器亮度，使高亮轨迹局部饱和但仍可辨认,轨迹膨胀、局部纯白、细节丢失,49.419,11.812,0.863,1.5442,194.727,1.0041,1.0015,0.0286,0.032,-0.0151,0.0079,1455.0
IMG_0211,defect,瑕疵,partial_frame,移动或缩放相机，让屏幕边缘或磁滞回线被裁掉约 15%–45%,拍摄不完整、部分回线位于画面外,232.247,36.144,0.4791,1.6354,228.423,0.9028,0.9719,0.0547,-0.0184,0.0187,0.0151,1607.0
IMG_0212,defect,瑕疵,small_dim_loop,保持常规相机曝光和示波器档位，不放大画面,回线过小、偏暗、有效像素少,57.856,15.949,0.9983,1.3787,235.397,0.7418,0.4136,-0.056,0.0219,-0.0069,-0.0206,341.0
IMG_0213,defect,瑕疵,offset_outside,保持正常拍摄；由固件偏置/增益使回线部分超出示波器显示范围,X 方向偏心并发生屏幕裁切,243.828,38.079,0.5053,0.852,177.613,1.2428,1.3971,0.7765,-0.0534,-0.0079,-0.0133,1443.0
IMG_0214,defect,瑕疵,overexposed,提高相机曝光或示波器亮度，使高亮轨迹局部饱和但仍可辨认,轨迹膨胀、局部纯白、细节丢失,343.216,49.448,0.8749,1.7773,159.085,1.0775,0.913,-0.0039,0.0267,-0.0117,-0.0208,1475.0
IMG_0215,defect,瑕疵,overexposed,提高相机曝光或示波器亮度，使高亮轨迹局部饱和但仍可辨认,轨迹膨胀、局部纯白、细节丢失,254.098,44.496,0.4883,1.3176,159.036,0.9714,1.0422,0.0316,-0.0157,-0.0054,0.0245,1542.0
IMG_0216,normal,正常,NORMAL,正常曝光；完整包含示波器屏幕；对焦清晰；相机正对屏幕,完整、亮度适中、位置居中的磁滞回线,142.249,16.188,0.4663,0.8125,178.874,0.9127,0.9168,-0.0228,-0.0258,0.0334,0.0237,1473.0
IMG_0217,defect,瑕疵,small_dim_loop,保持常规相机曝光和示波器档位，不放大画面,回线过小、偏暗、有效像素少,141.436,47.005,1.1774,1.3697,209.007,0.3551,0.7082,-0.0154,-0.0095,0.0398,-0.0113,417.0
IMG_0218,defect,瑕疵,tilt_asymmetry,正常拍摄，保留固件产生的倾斜与上下支不对称,回线明显倾斜、上下分支不对称,120.842,17.985,0.39,1.195,179.533,1.0933,0.9003,-0.0517,0.0556,-0.3045,0.2739,1468.0
IMG_0219,defect,瑕疵,defocus_motion,轻微失焦或手持轻微运动拍摄，保留可识别的整体形状,轨迹模糊、拖影或重影,139.364,35.988,0.5353,0.8376,170.122,1.0515,1.0988,-0.0464,0.0572,-0.0004,0.0062,1513.0
IMG_0220,normal,正常,NORMAL,正常曝光；完整包含示波器屏幕；对焦清晰；相机正对屏幕,完整、亮度适中、位置居中的磁滞回线,217.236,30.361,0.3617,1.6132,163.763,0.9924,1.0571,-0.0087,0.031,0.0263,0.02,1494.0
IMG_0221,defect,瑕疵,defocus_motion,轻微失焦或手持轻微运动拍摄，保留可识别的整体形状,轨迹模糊、拖影或重影,46.9,10.333,0.6259,1.6506,208.46,1.0441,0.9184,0.0477,-0.0324,0.0325,-0.0237,1500.0
IMG_0222,defect,瑕疵,tilt_asymmetry,正常拍摄，保留固件产生的倾斜与上下支不对称,回线明显倾斜、上下分支不对称,147.37,57.633,0.2766,0.742,152.227,0.9626,1.061,-0.021,-0.0127,0.2275,-0.1874,1604.0
IMG_0223,defect,瑕疵,small_dim_loop,保持常规相机曝光和示波器档位，不放大画面,回线过小、偏暗、有效像素少,143.452,43.083,0.7404,1.1719,238.11,0.3569,0.4883,0.0155,0.0172,-0.0112,-0.016,580.0
IMG_0224,normal,正常,NORMAL,正常曝光；完整包含示波器屏幕；对焦清晰；相机正对屏幕,完整、亮度适中、位置居中的磁滞回线,120.442,38.07,1.3493,1.7319,163.187,0.9974,1.0841,0.0523,0.0465,0.0238,0.0151,1393.0
IMG_0225,normal,正常,NORMAL,正常曝光；完整包含示波器屏幕；对焦清晰；相机正对屏幕,完整、亮度适中、位置居中的磁滞回线,130.042,17.992,0.7724,1.0485,208.917,1.0674,0.9229,-0.0518,0.0064,0.0094,0.0121,1375.0
IMG_0226,defect,瑕疵,small_dim_loop,保持常规相机曝光和示波器档位，不放大画面,回线过小、偏暗、有效像素少,412.148,73.787,0.264,0.8034,224.205,0.6461,0.6246,-0.0143,0.0005,0.016,-0.0067,704.0
IMG_0227,normal,正常,NORMAL,正常曝光；完整包含示波器屏幕；对焦清晰；相机正对屏幕,完整、亮度适中、位置居中的磁滞回线,381.648,54.351,0.3749,0.8003,214.368,1.041,0.9946,0.0275,-0.0355,-0.0204,0.0054,1488.0
IMG_0228,defect,瑕疵,underexposed,降低相机曝光或示波器亮度，使轨迹明显偏暗但仍留有部分可见点,轨迹暗淡、断续、信噪比下降,209.615,67.433,0.7676,0.8997,204.809,1.0605,0.9358,-0.0184,0.0467,0.0122,0.0135,1625.0
IMG_0229,defect,瑕疵,overexposed,提高相机曝光或示波器亮度，使高亮轨迹局部饱和但仍可辨认,轨迹膨胀、局部纯白、细节丢失,137.054,39.625,0.9742,1.4579,219.92,1.067,1.0617,0.042,0.0534,-0.0261,0.0209,1582.0
IMG_0230,defect,瑕疵,offset_outside,保持正常拍摄；由固件偏置/增益使回线部分超出示波器显示范围,X 方向偏心并发生屏幕裁切,300.04,69.406,0.2313,0.9897,173.888,1.3556,1.3696,-0.7005,0.0028,-0.0194,-0.0193,1542.0
IMG_0231,defect,瑕疵,offset_outside,保持正常拍摄；由固件偏置/增益使回线部分超出示波器显示范围,X 方向偏心并发生屏幕裁切,294.686,32.344,1.1481,1.7971,199.29,1.3786,1.3849,-0.5819,-0.0228,0.0324,-0.0042,1570.0
IMG_0232,normal,正常,NORMAL,正常曝光；完整包含示波器屏幕；对焦清晰；相机正对屏幕,完整、亮度适中、位置居中的磁滞回线,179.232,46.504,1.1726,1.5923,191.622,1.0469,0.9802,-0.024,0.0161,-0.0273,-0.0226,1442.0
IMG_0233,defect,瑕疵,scale_clipping,保持正常曝光和构图；不调整示波器档位,幅度过大，回线顶部/底部或左右边缘被截断,137.789,44.552,0.3396,0.9305,199.376,1.5064,1.6592,0.0507,0.0388,0.0032,-0.0025,1837.0
IMG_0234,defect,瑕疵,tilt_asymmetry,正常拍摄，保留固件产生的倾斜与上下支不对称,回线明显倾斜、上下分支不对称,319.066,48.378,0.8903,1.7639,232.439,1.061,1.0713,0.0276,0.0539,0.3767,0.2759,1488.0
IMG_0235,defect,瑕疵,partial_frame,移动或缩放相机，让屏幕边缘或磁滞回线被裁掉约 15%–45%,拍摄不完整、部分回线位于画面外,135.35,26.109,0.5971,1.0636,207.763,0.9205,0.982,0.0114,-0.0109,0.0148,-0.0118,1543.0
IMG_0236,defect,瑕疵,offset_outside,保持正常拍摄；由固件偏置/增益使回线部分超出示波器显示范围,X 方向偏心并发生屏幕裁切,200.361,67.327,0.3317,0.8095,185.084,1.0949,1.1538,-0.6372,0.0134,-0.0278,0.0243,1491.0
IMG_0237,defect,瑕疵,tilt_asymmetry,正常拍摄，保留固件产生的倾斜与上下支不对称,回线明显倾斜、上下分支不对称,281.702,52.948,0.6693,1.5404,239.355,1.0761,1.0545,0.0237,0.0494,-0.4306,-0.2777,1389.0
IMG_0238,defect,瑕疵,overexposed,提高相机曝光或示波器亮度，使高亮轨迹局部饱和但仍可辨认,轨迹膨胀、局部纯白、细节丢失,255.244,25.728,0.9883,1.4772,156.758,1.0681,1.0471,0.022,-0.0439,0.0237,-0.0205,1392.0
IMG_0239,defect,瑕疵,overexposed,提高相机曝光或示波器亮度，使高亮轨迹局部饱和但仍可辨认,轨迹膨胀、局部纯白、细节丢失,196.551,65.317,0.23,1.2458,238.965,1.0144,1.027,0.0169,0.0109,0.0371,0.0197,1470.0
IMG_0240,defect,瑕疵,tilt_asymmetry,正常拍摄，保留固件产生的倾斜与上下支不对称,回线明显倾斜、上下分支不对称,301.365,58.052,0.9201,1.4561,175.987,0.999,1.0903,0.0139,-0.0334,0.4766,0.121,1615.0
IMG_0241,normal,正常,NORMAL,正常曝光；完整包含示波器屏幕；对焦清晰；相机正对屏幕,完整、亮度适中、位置居中的磁滞回线,263.62,33.123,0.2734,1.2709,155.568,0.966,0.9743,-0.0111,0.0227,0.0387,0.0116,1644.0
IMG_0242,defect,瑕疵,scale_clipping,保持正常曝光和构图；不调整示波器档位,幅度过大，回线顶部/底部或左右边缘被截断,129.729,18.98,0.3962,0.8015,171.413,1.7864,1.3849,-0.0115,0.0022,-0.0025,0.0205,1814.0
IMG_0243,defect,瑕疵,underexposed,降低相机曝光或示波器亮度，使轨迹明显偏暗但仍留有部分可见点,轨迹暗淡、断续、信噪比下降,398.177,55.573,0.5778,1.3032,153.714,1.0448,1.0152,-0.031,0.015,0.0329,0.023,1424.0
IMG_0244,defect,瑕疵,scale_clipping,保持正常曝光和构图；不调整示波器档位,幅度过大，回线顶部/底部或左右边缘被截断,336.177,61.087,0.4663,0.9747,174.07,1.3827,1.4434,-0.0491,0.0427,-0.0081,-0.0085,1802.0
IMG_0245,defect,瑕疵,offset_outside,保持正常拍摄；由固件偏置/增益使回线部分超出示波器显示范围,XY 方向偏心并发生屏幕裁切,105.815,22.107,1.2072,1.4071,228.712,1.1772,1.3274,-0.5446,-0.501,0.0341,-0.0094,1447.0
IMG_0246,normal,正常,NORMAL,正常曝光；完整包含示波器屏幕；对焦清晰；相机正对屏幕,完整、亮度适中、位置居中的磁滞回线,118.343,26.844,0.3592,1.042,191.722,1.081,0.9598,-0.0592,0.0326,0.0385,-0.0116,1605.0
IMG_0247,normal,正常,NORMAL,正常曝光；完整包含示波器屏幕；对焦清晰；相机正对屏幕,完整、亮度适中、位置居中的磁滞回线,259.35,45.134,0.4878,1.557,170.799,1.0927,0.9392,-0.0598,0.0033,0.0358,0.0116,1447.0
IMG_0248,defect,瑕疵,underexposed,降低相机曝光或示波器亮度，使轨迹明显偏暗但仍留有部分可见点,轨迹暗淡、断续、信噪比下降,395.699,65.099,1.0776,1.2884,227.039,0.9202,1.084,0.0092,-0.0213,0.0159,0.0043,1559.0
IMG_0249,normal,正常,NORMAL,正常曝光；完整包含示波器屏幕；对焦清晰；相机正对屏幕,完整、亮度适中、位置居中的磁滞回线,283.907,60.209,0.342,0.8636,193.555,1.0278,0.9526,-0.0386,0.0526,0.0036,-0.0061,1412.0
IMG_0250,defect,瑕疵,underexposed,降低相机曝光或示波器亮度，使轨迹明显偏暗但仍留有部分可见点,轨迹暗淡、断续、信噪比下降,225.045,51.37,0.6359,1.1598,180.791,1.018,0.9035,0.0045,-0.0389,-0.0138,-0.0083,1509.0
IMG_0251,defect,瑕疵,overexposed,提高相机曝光或示波器亮度，使高亮轨迹局部饱和但仍可辨认,轨迹膨胀、局部纯白、细节丢失,109.965,26.939,0.4606,0.9033,224.519,1.0292,1.002,0.033,-0.0314,-0.0342,-0.0085,1576.0
IMG_0252,defect,瑕疵,partial_frame,移动或缩放相机，让屏幕边缘或磁滞回线被裁掉约 15%–45%,拍摄不完整、部分回线位于画面外,379.835,74.459,0.5836,1.1859,200.256,1.0749,1.0606,0.009,-0.0597,0.006,0.0052,1429.0
IMG_0253,defect,瑕疵,offset_outside,保持正常拍摄；由固件偏置/增益使回线部分超出示波器显示范围,XY 方向偏心并发生屏幕裁切,231.486,37.231,0.6038,1.4039,180.609,1.0954,1.1596,-0.616,-0.622,-0.0087,-0.0203,1634.0
IMG_0254,defect,瑕疵,tilt_asymmetry,正常拍摄，保留固件产生的倾斜与上下支不对称,回线明显倾斜、上下分支不对称,128.459,20.421,0.8637,1.0498,191.767,0.9266,1.0273,0.0318,-0.0012,-0.3604,0.1648,1476.0
IMG_0255,defect,瑕疵,offset_outside,保持正常拍摄；由固件偏置/增益使回线部分超出示波器显示范围,Y 方向偏心并发生屏幕裁切,371.371,56.94,1.0586,1.7735,192.384,1.0983,1.1915,0.0229,-0.6412,0.0172,-0.0246,1560.0
IMG_0256,defect,瑕疵,tilt_asymmetry,正常拍摄，保留固件产生的倾斜与上下支不对称,回线明显倾斜、上下分支不对称,84.766,8.891,0.5485,0.7108,200.695,1.0371,0.9155,0.0086,-0.0146,-0.3781,0.2004,1453.0
IMG_0257,defect,瑕疵,offset_outside,保持正常拍摄；由固件偏置/增益使回线部分超出示波器显示范围,XY 方向偏心并发生屏幕裁切,168.465,56.729,1.0594,1.3211,161.046,1.1827,1.3681,-0.7048,-0.5123,0.033,-0.0067,1583.0
IMG_0258,defect,瑕疵,offset_outside,保持正常拍摄；由固件偏置/增益使回线部分超出示波器显示范围,XY 方向偏心并发生屏幕裁切,394.341,69.911,0.8723,1.7144,238.983,1.3598,1.3553,0.5615,0.5578,0.015,-0.0206,1370.0
IMG_0259,normal,正常,NORMAL,正常曝光；完整包含示波器屏幕；对焦清晰；相机正对屏幕,完整、亮度适中、位置居中的磁滞回线,363.099,48.089,1.2169,1.5271,239.536,1.0401,0.9623,-0.0545,-0.0157,0.005,0.0101,1382.0
IMG_0260,defect,瑕疵,overexposed,提高相机曝光或示波器亮度，使高亮轨迹局部饱和但仍可辨认,轨迹膨胀、局部纯白、细节丢失,202.563,28.963,1.0282,1.4122,204.613,0.9694,1.0908,-0.0423,-0.0558,0.037,0.0043,1480.0
IMG_0261,defect,瑕疵,partial_frame,移动或缩放相机，让屏幕边缘或磁滞回线被裁掉约 15%–45%,拍摄不完整、部分回线位于画面外,185.646,33.922,0.5165,1.4149,223.176,0.949,1.0587,-0.0064,0.0114,-0.0202,-0.0131,1468.0
IMG_0262,normal,正常,NORMAL,正常曝光；完整包含示波器屏幕；对焦清晰；相机正对屏幕,完整、亮度适中、位置居中的磁滞回线,178.541,64.619,0.4155,1.0601,235.718,0.9987,1.0464,0.0345,-0.0072,-0.0225,0.0045,1572.0
IMG_0263,defect,瑕疵,defocus_motion,轻微失焦或手持轻微运动拍摄，保留可识别的整体形状,轨迹模糊、拖影或重影,104.734,21.701,1.2111,1.594,216.788,1.067,0.9659,0.0302,-0.0272,-0.0273,-0.0088,1491.0
IMG_0264,normal,正常,NORMAL,正常曝光；完整包含示波器屏幕；对焦清晰；相机正对屏幕,完整、亮度适中、位置居中的磁滞回线,350.601,58.308,1.2246,1.7775,210.689,0.9245,0.9654,-0.0142,-0.0252,0.0226,-0.0035,1557.0
IMG_0265,defect,瑕疵,small_dim_loop,保持常规相机曝光和示波器档位，不放大画面,回线过小、偏暗、有效像素少,217.597,58.908,0.2236,0.919,172.344,0.3605,0.3991,-0.0332,0.0004,-0.0225,-0.0168,665.0
IMG_0266,defect,瑕疵,partial_frame,移动或缩放相机，让屏幕边缘或磁滞回线被裁掉约 15%–45%,拍摄不完整、部分回线位于画面外,335.517,49.945,0.8516,1.0612,219.142,1.0711,1.0947,-0.0568,-0.0496,0.0315,0.0044,1434.0
IMG_0267,defect,瑕疵,partial_frame,移动或缩放相机，让屏幕边缘或磁滞回线被裁掉约 15%–45%,拍摄不完整、部分回线位于画面外,227.424,48.031,0.6733,1.7466,153.199,0.9388,0.9925,-0.0491,-0.0401,-0.0059,-0.0214,1397.0
IMG_0268,defect,瑕疵,overexposed,提高相机曝光或示波器亮度，使高亮轨迹局部饱和但仍可辨认,轨迹膨胀、局部纯白、细节丢失,173.142,27.781,0.5647,1.5354,184.882,1.0702,1.0555,0.0063,0.0208,-0.0188,-0.0155,1639.0
IMG_0269,normal,正常,NORMAL,正常曝光；完整包含示波器屏幕；对焦清晰；相机正对屏幕,完整、亮度适中、位置居中的磁滞回线,245.137,51.099,0.6731,0.8364,223.437,1.056,0.9558,0.0412,-0.0096,0.0024,-0.0048,1603.0
IMG_0270,defect,瑕疵,small_dim_loop,保持常规相机曝光和示波器档位，不放大画面,回线过小、偏暗、有效像素少,366.377,72.785,0.3558,0.7019,170.211,0.5818,0.5284,0.0026,-0.0246,0.038,-0.0106,360.0
IMG_0271,normal,正常,NORMAL,正常曝光；完整包含示波器屏幕；对焦清晰；相机正对屏幕,完整、亮度适中、位置居中的磁滞回线,320.145,33.146,1.2151,1.5251,169.64,1.0501,0.9812,0.0109,-0.0265,0.0374,-0.025,1530.0
IMG_0272,defect,瑕疵,small_dim_loop,保持常规相机曝光和示波器档位，不放大画面,回线过小、偏暗、有效像素少,57.952,11.168,0.5191,0.8809,168.09,0.4621,0.5102,0.0033,-0.0479,-0.0153,0.0204,443.0
IMG_0273,defect,瑕疵,offset_outside,保持正常拍摄；由固件偏置/增益使回线部分超出示波器显示范围,Y 方向偏心并发生屏幕裁切,67.295,7.55,0.7353,1.0435,218.514,1.0519,1.082,0.0423,0.5219,-0.0243,-0.008,1469.0
IMG_0274,defect,瑕疵,partial_frame,移动或缩放相机，让屏幕边缘或磁滞回线被裁掉约 15%–45%,拍摄不完整、部分回线位于画面外,202.809,47.001,0.8556,1.5641,205.492,1.0012,0.9803,-0.0276,0.0427,-0.0398,0.0205,1487.0
IMG_0275,defect,瑕疵,defocus_motion,轻微失焦或手持轻微运动拍摄，保留可识别的整体形状,轨迹模糊、拖影或重影,172.865,55.863,0.4229,1.537,200.623,0.9524,0.9694,0.05,-0.037,-0.0089,0.0081,1424.0
IMG_0276,normal,正常,NORMAL,正常曝光；完整包含示波器屏幕；对焦清晰；相机正对屏幕,完整、亮度适中、位置居中的磁滞回线,233.899,60.878,0.7687,1.7033,235.741,0.9591,1.086,0.0232,-0.0537,-0.015,0.0068,1457.0
IMG_0277,normal,正常,NORMAL,正常曝光；完整包含示波器屏幕；对焦清晰；相机正对屏幕,完整、亮度适中、位置居中的磁滞回线,294.868,71.743,0.3043,1.0042,182.966,1.0904,1.063,0.0568,-0.0586,0.0061,0.0192,1575.0
IMG_0278,defect,瑕疵,partial_frame,移动或缩放相机，让屏幕边缘或磁滞回线被裁掉约 15%–45%,拍摄不完整、部分回线位于画面外,402.178,62.305,0.9127,1.6666,202.408,1.0201,0.9234,-0.0095,0.0232,0.02,-0.0072,1410.0
IMG_0279,defect,瑕疵,underexposed,降低相机曝光或示波器亮度，使轨迹明显偏暗但仍留有部分可见点,轨迹暗淡、断续、信噪比下降,172.388,69.7,0.6418,1.1493,192.519,0.9678,1.0415,0.0146,-0.0447,0.0279,-0.0164,1400.0
IMG_0280,defect,瑕疵,offset_outside,保持正常拍摄；由固件偏置/增益使回线部分超出示波器显示范围,Y 方向偏心并发生屏幕裁切,248.201,42.115,1.1844,1.6817,190.828,1.2519,1.1276,0.0595,0.5629,0.0308,0.0236,1592.0
IMG_0281,defect,瑕疵,partial_frame,移动或缩放相机，让屏幕边缘或磁滞回线被裁掉约 15%–45%,拍摄不完整、部分回线位于画面外,410.248,74.63,0.414,1.3966,173.584,1.0534,0.9405,-0.0171,-0.0151,0.0375,0.018,1536.0
IMG_0282,normal,正常,NORMAL,正常曝光；完整包含示波器屏幕；对焦清晰；相机正对屏幕,完整、亮度适中、位置居中的磁滞回线,324.33,45.257,0.6154,0.7613,205.622,0.9399,0.9659,0.0376,0.0045,0.0117,-0.011,1445.0
IMG_0283,defect,瑕疵,scale_clipping,保持正常曝光和构图；不调整示波器档位,幅度过大，回线顶部/底部或左右边缘被截断,370.576,58.291,0.3054,0.9828,221.224,1.8102,1.5249,-0.0487,0.0036,-0.0134,0.0052,1762.0
IMG_0284,defect,瑕疵,partial_frame,移动或缩放相机，让屏幕边缘或磁滞回线被裁掉约 15%–45%,拍摄不完整、部分回线位于画面外,284.797,71.406,0.2498,1.0779,173.636,0.9816,0.9381,-0.0178,-0.0593,0.0012,-0.0243,1491.0
IMG_0285,defect,瑕疵,underexposed,降低相机曝光或示波器亮度，使轨迹明显偏暗但仍留有部分可见点,轨迹暗淡、断续、信噪比下降,198.517,37.981,1.1527,1.5678,179.737,0.9609,0.9469,0.0283,-0.0212,-0.0273,-0.0026,1440.0
IMG_0286,defect,瑕疵,offset_outside,保持正常拍摄；由固件偏置/增益使回线部分超出示波器显示范围,XY 方向偏心并发生屏幕裁切,222.598,49.369,0.4216,1.4737,158.788,1.3956,1.1448,-0.7156,-0.5776,0.0383,0.0019,1641.0
IMG_0287,defect,瑕疵,offset_outside,保持正常拍摄；由固件偏置/增益使回线部分超出示波器显示范围,X 方向偏心并发生屏幕裁切,67.323,14.039,0.5145,1.373,226.19,1.2757,1.1028,-0.7477,0.0415,-0.0368,-0.0144,1546.0
IMG_0288,defect,瑕疵,defocus_motion,轻微失焦或手持轻微运动拍摄，保留可识别的整体形状,轨迹模糊、拖影或重影,98.473,26.12,0.7983,1.6712,227.98,1.0786,1.0457,-0.0066,0.0564,0.0107,0.0156,1494.0
IMG_0289,defect,瑕疵,tilt_asymmetry,正常拍摄，保留固件产生的倾斜与上下支不对称,回线明显倾斜、上下分支不对称,187.652,22.376,0.5643,1.15,215.664,0.9361,1.0461,-0.052,-0.0009,0.1949,-0.1694,1494.0
IMG_0290,defect,瑕疵,partial_frame,移动或缩放相机，让屏幕边缘或磁滞回线被裁掉约 15%–45%,拍摄不完整、部分回线位于画面外,323.487,36.882,0.3223,0.7887,224.326,1.0876,1.0717,-0.0121,0.0583,0.0397,-0.0073,1409.0
IMG_0291,defect,瑕疵,underexposed,降低相机曝光或示波器亮度，使轨迹明显偏暗但仍留有部分可见点,轨迹暗淡、断续、信噪比下降,202.66,51.167,0.4123,1.7257,219.791,0.9096,0.959,-0.0352,0.0454,-0.0212,0.0018,1470.0
IMG_0292,defect,瑕疵,underexposed,降低相机曝光或示波器亮度，使轨迹明显偏暗但仍留有部分可见点,轨迹暗淡、断续、信噪比下降,377.128,70.994,0.7281,1.675,236.364,1.0264,1.0361,-0.0079,-0.0398,-0.0214,0.0098,1495.0
IMG_0293,defect,瑕疵,defocus_motion,轻微失焦或手持轻微运动拍摄，保留可识别的整体形状,轨迹模糊、拖影或重影,222.575,53.546,0.6308,0.7862,157.949,0.9025,1.0637,-0.0105,0.0001,0.0004,0.0174,1478.0
IMG_0294,defect,瑕疵,defocus_motion,轻微失焦或手持轻微运动拍摄，保留可识别的整体形状,轨迹模糊、拖影或重影,135.908,20.244,0.9428,1.2163,207.299,1.0173,0.9042,-0.0259,0.0565,0.005,0.0029,1409.0
IMG_0295,normal,正常,NORMAL,正常曝光；完整包含示波器屏幕；对焦清晰；相机正对屏幕,完整、亮度适中、位置居中的磁滞回线,230.617,69.683,1.0963,1.3176,221.66,1.0701,0.9473,-0.0057,-0.014,-0.0008,-0.0021,1507.0
IMG_0296,defect,瑕疵,offset_outside,保持正常拍摄；由固件偏置/增益使回线部分超出示波器显示范围,XY 方向偏心并发生屏幕裁切,128.954,26.214,0.5975,0.8898,152.085,1.129,1.1748,-0.4949,0.6089,-0.0353,0.0056,1589.0
IMG_0297,defect,瑕疵,partial_frame,移动或缩放相机，让屏幕边缘或磁滞回线被裁掉约 15%–45%,拍摄不完整、部分回线位于画面外,118.018,12.594,0.4245,0.7621,176.643,0.9518,0.916,-0.0303,0.0458,-0.0094,0.0198,1397.0
IMG_0298,defect,瑕疵,defocus_motion,轻微失焦或手持轻微运动拍摄，保留可识别的整体形状,轨迹模糊、拖影或重影,336.603,72.491,0.483,1.1876,170.321,1.0591,1.0222,0.0112,-0.0269,0.0086,-0.0213,1594.0
IMG_0299,defect,瑕疵,small_dim_loop,保持常规相机曝光和示波器档位，不放大画面,回线过小、偏暗、有效像素少,232.795,39.161,0.5943,1.4437,212.357,0.6482,0.6894,-0.0329,-0.0002,-0.0127,0.0041,345.0
IMG_0300,defect,瑕疵,underexposed,降低相机曝光或示波器亮度，使轨迹明显偏暗但仍留有部分可见点,轨迹暗淡、断续、信噪比下降,332.788,63.73,0.5682,1.6585,157.593,0.9618,0.9451,-0.046,0.0096,0.03,-0.0007,1378.0
IMG_0301,defect,瑕疵,underexposed,降低相机曝光或示波器亮度，使轨迹明显偏暗但仍留有部分可见点,轨迹暗淡、断续、信噪比下降,47.704,18.873,0.7123,0.9726,194.463,0.9758,0.9024,-0.0224,0.0253,-0.0277,-0.0181,1648.0
IMG_0302,defect,瑕疵,offset_outside,保持正常拍摄；由固件偏置/增益使回线部分超出示波器显示范围,XY 方向偏心并发生屏幕裁切,244.529,31.89,0.1828,0.8601,199.268,1.3878,1.3508,-0.4994,0.5865,0.0205,0.0107,1490.0
IMG_0303,defect,瑕疵,underexposed,降低相机曝光或示波器亮度，使轨迹明显偏暗但仍留有部分可见点,轨迹暗淡、断续、信噪比下降,115.64,29.934,0.285,1.1815,180.892,0.9154,1.06,0.0061,0.041,-0.017,-0.0234,1555.0
IMG_0304,defect,瑕疵,underexposed,降低相机曝光或示波器亮度，使轨迹明显偏暗但仍留有部分可见点,轨迹暗淡、断续、信噪比下降,286.403,52.112,0.7192,1.4815,187.067,0.9024,0.9787,-0.0454,0.0488,-0.024,-0.0065,1478.0
IMG_0305,defect,瑕疵,overexposed,提高相机曝光或示波器亮度，使高亮轨迹局部饱和但仍可辨认,轨迹膨胀、局部纯白、细节丢失,45.396,9.369,1.1298,1.2993,188.95,1.0913,1.0757,0.001,0.0249,-0.0344,0.009,1540.0
IMG_0306,defect,瑕疵,overexposed,提高相机曝光或示波器亮度，使高亮轨迹局部饱和但仍可辨认,轨迹膨胀、局部纯白、细节丢失,126.172,23.551,0.8583,1.2114,152.366,1.0925,0.9176,-0.023,-0.0538,0.0008,0.0164,1588.0
IMG_0307,defect,瑕疵,defocus_motion,轻微失焦或手持轻微运动拍摄，保留可识别的整体形状,轨迹模糊、拖影或重影,145.4,42.153,1.2806,1.7999,193.44,1.0736,0.9469,-0.0327,-0.0535,-0.0089,-0.0199,1472.0
IMG_0308,defect,瑕疵,underexposed,降低相机曝光或示波器亮度，使轨迹明显偏暗但仍留有部分可见点,轨迹暗淡、断续、信噪比下降,175.883,25.858,0.1771,0.7472,214.958,1.0089,1.0673,0.0362,-0.0071,-0.0241,-0.0225,1576.0
IMG_0309,defect,瑕疵,partial_frame,移动或缩放相机，让屏幕边缘或磁滞回线被裁掉约 15%–45%,拍摄不完整、部分回线位于画面外,102.49,17.809,0.2525,1.1103,183.839,0.9523,1.0168,0.0313,-0.0406,0.0306,0.0026,1488.0
IMG_0310,normal,正常,NORMAL,正常曝光；完整包含示波器屏幕；对焦清晰；相机正对屏幕,完整、亮度适中、位置居中的磁滞回线,239.138,51.339,0.5552,1.6661,170.323,0.9754,1.054,-0.0227,0.0396,-0.0139,0.0148,1639.0
IMG_0311,defect,瑕疵,offset_outside,保持正常拍摄；由固件偏置/增益使回线部分超出示波器显示范围,X 方向偏心并发生屏幕裁切,256.564,71.646,0.845,1.5745,202.028,1.1426,1.3756,0.7778,0.0431,0.0392,0.0167,1416.0
IMG_0312,normal,正常,NORMAL,正常曝光；完整包含示波器屏幕；对焦清晰；相机正对屏幕,完整、亮度适中、位置居中的磁滞回线,76.344,9.201,0.5509,0.7616,220.985,0.9044,0.9337,-0.0347,-0.007,0.0253,-0.0228,1576.0
IMG_0313,defect,瑕疵,scale_clipping,保持正常曝光和构图；不调整示波器档位,幅度过大，回线顶部/底部或左右边缘被截断,75.239,14.492,0.726,1.6577,180.12,1.3909,1.4513,0.0245,-0.0013,0.0362,0.0008,1805.0
IMG_0314,normal,正常,NORMAL,正常曝光；完整包含示波器屏幕；对焦清晰；相机正对屏幕,完整、亮度适中、位置居中的磁滞回线,192.682,24.762,0.3552,1.5798,203.382,0.996,0.9735,-0.0146,-0.0176,-0.0242,0.0145,1637.0
IMG_0315,defect,瑕疵,underexposed,降低相机曝光或示波器亮度，使轨迹明显偏暗但仍留有部分可见点,轨迹暗淡、断续、信噪比下降,120.974,41.149,0.6813,1.1128,218.02,0.9534,0.9522,-0.0348,0.0317,0.0323,-0.0216,1385.0
IMG_0316,defect,瑕疵,underexposed,降低相机曝光或示波器亮度，使轨迹明显偏暗但仍留有部分可见点,轨迹暗淡、断续、信噪比下降,86.238,23.696,0.5769,1.1373,170.628,1.0023,0.9138,0.0203,0.0546,-0.0294,0.0154,1566.0
IMG_0317,defect,瑕疵,underexposed,降低相机曝光或示波器亮度，使轨迹明显偏暗但仍留有部分可见点,轨迹暗淡、断续、信噪比下降,223.591,63.399,0.7046,1.6585,152.037,0.9316,1.0466,-0.0531,0.0566,-0.0285,-0.0063,1521.0
IMG_0318,defect,瑕疵,offset_outside,保持正常拍摄；由固件偏置/增益使回线部分超出示波器显示范围,XY 方向偏心并发生屏幕裁切,354.559,71.273,1.3569,1.5427,182.011,1.0657,1.1984,-0.7081,0.6316,0.0388,-0.0188,1546.0
IMG_0319,normal,正常,NORMAL,正常曝光；完整包含示波器屏幕；对焦清晰；相机正对屏幕,完整、亮度适中、位置居中的磁滞回线,134.79,15.236,1.0778,1.4605,208.553,1.0198,0.934,-0.0153,0.0552,0.0155,0.0063,1553.0
IMG_0320,defect,瑕疵,overexposed,提高相机曝光或示波器亮度，使高亮轨迹局部饱和但仍可辨认,轨迹膨胀、局部纯白、细节丢失,102.425,31.901,0.9624,1.6537,213.661,0.988,0.9431,0.0569,-0.0264,-0.0062,0.0241,1541.0
IMG_0321,defect,瑕疵,partial_frame,移动或缩放相机，让屏幕边缘或磁滞回线被裁掉约 15%–45%,拍摄不完整、部分回线位于画面外,188.168,64.066,0.4482,1.7313,193.805,1.0721,1.0276,-0.0035,0.0596,0.0202,-0.0046,1507.0
IMG_0322,defect,瑕疵,scale_clipping,保持正常曝光和构图；不调整示波器档位,幅度过大，回线顶部/底部或左右边缘被截断,229.713,60.43,0.4326,1.2214,194.966,1.8397,1.5623,0.0405,-0.0137,0.0047,-0.0187,1821.0
IMG_0323,defect,瑕疵,defocus_motion,轻微失焦或手持轻微运动拍摄，保留可识别的整体形状,轨迹模糊、拖影或重影,238.222,45.639,0.4082,1.1343,153.24,1.0177,0.9676,0.0444,-0.0429,-0.0285,-0.0072,1586.0
IMG_0324,defect,瑕疵,underexposed,降低相机曝光或示波器亮度，使轨迹明显偏暗但仍留有部分可见点,轨迹暗淡、断续、信噪比下降,419.614,55.21,1.2873,1.6435,211.471,0.9716,1.029,0.0168,-0.0499,0.0113,-0.0128,1509.0
IMG_0325,defect,瑕疵,offset_outside,保持正常拍摄；由固件偏置/增益使回线部分超出示波器显示范围,Y 方向偏心并发生屏幕裁切,225.921,71.51,1.0315,1.2506,228.308,1.3063,1.0562,0.0234,0.6006,-0.0301,0.0211,1602.0
IMG_0326,defect,瑕疵,defocus_motion,轻微失焦或手持轻微运动拍摄，保留可识别的整体形状,轨迹模糊、拖影或重影,181.38,35.513,0.2776,1.1605,234.076,0.9285,0.9886,-0.0291,0.0035,-0.0046,-0.0246,1403.0
IMG_0327,defect,瑕疵,offset_outside,保持正常拍摄；由固件偏置/增益使回线部分超出示波器显示范围,Y 方向偏心并发生屏幕裁切,224.229,50.481,0.8818,1.2871,224.634,1.2515,1.2711,0.0354,0.6462,0.0147,-0.0129,1375.0
IMG_0328,defect,瑕疵,underexposed,降低相机曝光或示波器亮度，使轨迹明显偏暗但仍留有部分可见点,轨迹暗淡、断续、信噪比下降,244.695,32.396,0.811,1.7986,178.529,0.9846,0.9657,-0.0459,-0.0153,0.0158,-0.0021,1484.0
IMG_0329,normal,正常,NORMAL,正常曝光；完整包含示波器屏幕；对焦清晰；相机正对屏幕,完整、亮度适中、位置居中的磁滞回线,312.354,73.023,0.6963,0.8393,165.098,0.9171,1.073,0.0536,-0.0198,0.0046,0.0081,1638.0
IMG_0330,defect,瑕疵,partial_frame,移动或缩放相机，让屏幕边缘或磁滞回线被裁掉约 15%–45%,拍摄不完整、部分回线位于画面外,344.342,36.748,0.3155,1.3099,195.235,1.0937,1.0061,0.0356,-0.0527,0.013,0.0213,1395.0
IMG_0331,defect,瑕疵,defocus_motion,轻微失焦或手持轻微运动拍摄，保留可识别的整体形状,轨迹模糊、拖影或重影,86.628,13.154,0.3893,1.1507,208.876,0.9025,0.9102,0.0233,-0.0451,0.0396,-0.0162,1561.0
IMG_0332,defect,瑕疵,scale_clipping,保持正常曝光和构图；不调整示波器档位,幅度过大，回线顶部/底部或左右边缘被截断,190.668,64.49,0.7986,1.7707,218.737,1.7367,1.8843,0.0433,-0.0413,0.0371,-0.0053,1758.0
IMG_0333,defect,瑕疵,overexposed,提高相机曝光或示波器亮度，使高亮轨迹局部饱和但仍可辨认,轨迹膨胀、局部纯白、细节丢失,178.747,49.039,0.3773,1.4806,236.395,1.0512,1.0319,-0.0422,-0.0094,-0.0083,0.017,1506.0
IMG_0334,normal,正常,NORMAL,正常曝光；完整包含示波器屏幕；对焦清晰；相机正对屏幕,完整、亮度适中、位置居中的磁滞回线,273.129,66.902,0.3222,1.7853,157.96,1.0588,1.0162,0.0248,-0.033,-0.0077,-0.0091,1510.0
IMG_0335,normal,正常,NORMAL,正常曝光；完整包含示波器屏幕；对焦清晰；相机正对屏幕,完整、亮度适中、位置居中的磁滞回线,358.554,63.841,0.2665,1.1455,213.505,1.0644,0.9062,0.0234,0.0397,0.018,-0.0102,1464.0
IMG_0336,normal,正常,NORMAL,正常曝光；完整包含示波器屏幕；对焦清晰；相机正对屏幕,完整、亮度适中、位置居中的磁滞回线,296.22,34.16,0.5193,1.3642,158.337,1.0632,0.9232,0.0269,-0.0276,0.0242,-0.0112,1571.0
IMG_0337,defect,瑕疵,partial_frame,移动或缩放相机，让屏幕边缘或磁滞回线被裁掉约 15%–45%,拍摄不完整、部分回线位于画面外,257.952,39.868,0.8891,1.129,197.793,1.0501,0.9926,0.0028,-0.0434,0.0149,0.0194,1455.0
IMG_0338,defect,瑕疵,offset_outside,保持正常拍摄；由固件偏置/增益使回线部分超出示波器显示范围,X 方向偏心并发生屏幕裁切,145.268,22.36,0.2603,0.8329,179.741,1.0867,1.3129,0.6232,-0.0052,-0.021,0.0242,1450.0
IMG_0339,defect,瑕疵,offset_outside,保持正常拍摄；由固件偏置/增益使回线部分超出示波器显示范围,Y 方向偏心并发生屏幕裁切,46.868,17.788,0.3272,1.2927,204.705,1.1632,1.0505,0.0477,0.5886,-0.033,-0.0092,1640.0
IMG_0340,defect,瑕疵,underexposed,降低相机曝光或示波器亮度，使轨迹明显偏暗但仍留有部分可见点,轨迹暗淡、断续、信噪比下降,186.243,41.248,0.7102,0.8295,167.666,0.9265,0.9872,-0.0547,-0.055,0.0084,-0.0131,1418.0
IMG_0341,defect,瑕疵,offset_outside,保持正常拍摄；由固件偏置/增益使回线部分超出示波器显示范围,Y 方向偏心并发生屏幕裁切,289.292,54.704,0.7631,1.0688,172.246,1.3511,1.3995,-0.023,-0.5443,0.038,0.0191,1542.0
IMG_0342,defect,瑕疵,defocus_motion,轻微失焦或手持轻微运动拍摄，保留可识别的整体形状,轨迹模糊、拖影或重影,406.515,43.452,0.5468,1.7555,235.326,1.048,1.0598,0.0179,-0.0055,-0.0263,0.0231,1517.0
IMG_0343,defect,瑕疵,partial_frame,移动或缩放相机，让屏幕边缘或磁滞回线被裁掉约 15%–45%,拍摄不完整、部分回线位于画面外,75.411,8.902,0.431,0.837,178.622,0.9329,1.0661,-0.0236,0.0326,0.0338,-0.0098,1468.0
IMG_0344,defect,瑕疵,overexposed,提高相机曝光或示波器亮度，使高亮轨迹局部饱和但仍可辨认,轨迹膨胀、局部纯白、细节丢失,300.533,50.114,0.8136,1.3873,160.571,0.9909,0.9186,0.0428,-0.0018,-0.0316,-0.0156,1611.0
IMG_0345,defect,瑕疵,defocus_motion,轻微失焦或手持轻微运动拍摄，保留可识别的整体形状,轨迹模糊、拖影或重影,264.406,26.599,0.2844,1.5716,228.581,0.9551,1.0215,-0.0303,0.0329,-0.0103,0.0118,1576.0
IMG_0346,defect,瑕疵,scale_clipping,保持正常曝光和构图；不调整示波器档位,幅度过大，回线顶部/底部或左右边缘被截断,181.994,67.868,0.7016,0.8391,227.524,1.6551,1.6667,0.0504,0.028,0.0302,0.0119,1766.0
IMG_0347,defect,瑕疵,small_dim_loop,保持常规相机曝光和示波器档位，不放大画面,回线过小、偏暗、有效像素少,71.092,9.274,0.3292,0.8901,197.32,0.4114,0.7057,0.0057,-0.0595,0.0378,-0.0213,724.0
IMG_0348,defect,瑕疵,tilt_asymmetry,正常拍摄，保留固件产生的倾斜与上下支不对称,回线明显倾斜、上下分支不对称,359.444,61.614,0.33,1.4746,172.669,1.0001,1.01,-0.0565,-0.0226,0.2838,-0.1436,1467.0
IMG_0349,defect,瑕疵,defocus_motion,轻微失焦或手持轻微运动拍摄，保留可识别的整体形状,轨迹模糊、拖影或重影,404.427,48.708,1.0321,1.6342,223.752,0.9107,1.0865,0.0268,0.0548,-0.0363,-0.0185,1536.0
IMG_0350,defect,瑕疵,scale_clipping,保持正常曝光和构图；不调整示波器档位,幅度过大，回线顶部/底部或左右边缘被截断,188.901,19.565,0.5152,1.3424,170.411,1.6828,1.4107,0.0159,0.059,0.0201,0.0101,1812.0
IMG_0351,defect,瑕疵,overexposed,提高相机曝光或示波器亮度，使高亮轨迹局部饱和但仍可辨认,轨迹膨胀、局部纯白、细节丢失,109.264,31.039,0.7754,1.7103,221.481,1.0258,1.0911,0.043,-0.0479,-0.0308,-0.0201,1503.0
IMG_0352,defect,瑕疵,scale_clipping,保持正常曝光和构图；不调整示波器档位,幅度过大，回线顶部/底部或左右边缘被截断,332.287,56.206,0.4048,0.8014,186.818,1.8251,1.3519,0.0154,-0.048,0.0121,0.0202,1736.0
IMG_0353,defect,瑕疵,small_dim_loop,保持常规相机曝光和示波器档位，不放大画面,回线过小、偏暗、有效像素少,75.212,25.639,0.76,0.9469,190.764,0.4576,0.6287,0.0304,-0.0144,0.0265,-0.0096,750.0
IMG_0354,defect,瑕疵,partial_frame,移动或缩放相机，让屏幕边缘或磁滞回线被裁掉约 15%–45%,拍摄不完整、部分回线位于画面外,125.937,16.033,0.589,1.1583,154.465,0.9324,1.0012,-0.0031,0.005,0.0304,0.0202,1502.0
IMG_0355,defect,瑕疵,tilt_asymmetry,正常拍摄，保留固件产生的倾斜与上下支不对称,回线明显倾斜、上下分支不对称,294.545,33.556,0.971,1.2206,191.785,0.9184,0.9677,0.06,0.0565,-0.2001,0.1659,1472.0
IMG_0356,defect,瑕疵,overexposed,提高相机曝光或示波器亮度，使高亮轨迹局部饱和但仍可辨认,轨迹膨胀、局部纯白、细节丢失,357.971,42.317,0.292,1.5259,230.284,1.0206,0.913,0.0598,0.0446,-0.0204,0.02,1569.0
IMG_0357,defect,瑕疵,tilt_asymmetry,正常拍摄，保留固件产生的倾斜与上下支不对称,回线明显倾斜、上下分支不对称,263.805,59.178,1.0149,1.5939,159.824,1.0451,1.0595,-0.0104,0.0007,-0.1875,0.1469,1514.0
IMG_0358,defect,瑕疵,offset_outside,保持正常拍摄；由固件偏置/增益使回线部分超出示波器显示范围,Y 方向偏心并发生屏幕裁切,163.412,64.623,0.8773,1.4327,151.07,1.2329,1.3955,0.004,0.4892,-0.0168,0.0089,1472.0
IMG_0359,defect,瑕疵,defocus_motion,轻微失焦或手持轻微运动拍摄，保留可识别的整体形状,轨迹模糊、拖影或重影,276.651,54.388,0.4332,1.2232,215.402,0.9299,0.9502,-0.0151,0.037,0.0241,-0.0028,1541.0
IMG_0360,defect,瑕疵,scale_clipping,保持正常曝光和构图；不调整示波器档位,幅度过大，回线顶部/底部或左右边缘被截断,348.461,60.201,0.8385,1.0505,196.444,1.7984,1.5651,0.0034,0.0535,-0.0144,-0.0248,1754.0
IMG_0361,defect,瑕疵,partial_frame,移动或缩放相机，让屏幕边缘或磁滞回线被裁掉约 15%–45%,拍摄不完整、部分回线位于画面外,80.035,9.239,0.5038,1.7766,158.24,1.0694,1.0058,0.0249,-0.002,-0.0193,0.019,1425.0
IMG_0362,normal,正常,NORMAL,正常曝光；完整包含示波器屏幕；对焦清晰；相机正对屏幕,完整、亮度适中、位置居中的磁滞回线,294.828,59.268,0.6549,1.4392,150.151,0.98,1.0047,-0.0173,0.0498,0.0106,0.004,1414.0
IMG_0363,defect,瑕疵,small_dim_loop,保持常规相机曝光和示波器档位，不放大画面,回线过小、偏暗、有效像素少,155.233,19.42,0.8432,1.6112,235.519,0.6452,0.6565,-0.0244,0.0195,-0.0385,0.0059,724.0
IMG_0364,defect,瑕疵,scale_clipping,保持正常曝光和构图；不调整示波器档位,幅度过大，回线顶部/底部或左右边缘被截断,117.976,19.491,0.9007,1.081,218.464,1.6494,1.6023,0.0452,-0.0113,-0.0079,-0.0114,1835.0
IMG_0365,normal,正常,NORMAL,正常曝光；完整包含示波器屏幕；对焦清晰；相机正对屏幕,完整、亮度适中、位置居中的磁滞回线,403.892,52.743,0.8704,1.3851,189.93,0.9036,1.0955,-0.0185,0.0187,-0.0285,0.0189,1370.0
IMG_0366,defect,瑕疵,tilt_asymmetry,正常拍摄，保留固件产生的倾斜与上下支不对称,回线明显倾斜、上下分支不对称,416.008,53.566,0.5667,1.7345,219.056,1.0128,1.0215,-0.023,-0.06,-0.2255,0.2361,1581.0
IMG_0367,defect,瑕疵,partial_frame,移动或缩放相机，让屏幕边缘或磁滞回线被裁掉约 15%–45%,拍摄不完整、部分回线位于画面外,292.542,40.799,0.9511,1.7635,220.01,1.091,0.9127,0.0449,-0.0311,-0.0128,0.0067,1410.0
IMG_0368,defect,瑕疵,offset_outside,保持正常拍摄；由固件偏置/增益使回线部分超出示波器显示范围,Y 方向偏心并发生屏幕裁切,386.795,42.552,0.5937,1.0027,178.486,1.3024,1.1321,0.0584,-0.7394,0.0058,0.0003,1471.0
IMG_0369,defect,瑕疵,defocus_motion,轻微失焦或手持轻微运动拍摄，保留可识别的整体形状,轨迹模糊、拖影或重影,250.503,50.508,0.2483,1.1401,151.924,1.0082,1.0851,-0.0554,-0.0314,-0.0356,0.0056,1603.0
IMG_0370,normal,正常,NORMAL,正常曝光；完整包含示波器屏幕；对焦清晰；相机正对屏幕,完整、亮度适中、位置居中的磁滞回线,150.702,44.246,0.7215,1.518,220.02,1.02,0.9152,0.0282,-0.031,-0.018,0.0061,1566.0
IMG_0371,defect,瑕疵,partial_frame,移动或缩放相机，让屏幕边缘或磁滞回线被裁掉约 15%–45%,拍摄不完整、部分回线位于画面外,70.18,12.32,1.0924,1.2846,235.11,1.0925,1.0731,0.0246,-0.0503,-0.0356,-0.0215,1382.0
IMG_0372,normal,正常,NORMAL,正常曝光；完整包含示波器屏幕；对焦清晰；相机正对屏幕,完整、亮度适中、位置居中的磁滞回线,262.451,40.195,0.4976,1.296,171.603,0.9921,1.0913,0.0516,0.0139,-0.0066,-0.0113,1503.0
IMG_0373,defect,瑕疵,tilt_asymmetry,正常拍摄，保留固件产生的倾斜与上下支不对称,回线明显倾斜、上下分支不对称,338.487,47.073,0.3929,1.4769,185.751,0.9694,1.0301,-0.0126,0.021,0.4288,0.2367,1460.0
IMG_0374,defect,瑕疵,underexposed,降低相机曝光或示波器亮度，使轨迹明显偏暗但仍留有部分可见点,轨迹暗淡、断续、信噪比下降,127.896,26.367,1.0823,1.7493,175.588,0.9676,0.9024,0.0191,0.0376,-0.0019,0.0004,1432.0
IMG_0375,defect,瑕疵,offset_outside,保持正常拍摄；由固件偏置/增益使回线部分超出示波器显示范围,Y 方向偏心并发生屏幕裁切,328.765,59.653,0.3731,1.1594,232.713,1.1364,1.355,0.0244,0.7587,-0.0085,-0.0175,1403.0
IMG_0376,defect,瑕疵,underexposed,降低相机曝光或示波器亮度，使轨迹明显偏暗但仍留有部分可见点,轨迹暗淡、断续、信噪比下降,400.796,71.568,0.5057,1.3542,166.878,1.0453,0.9509,-0.0397,0.0297,-0.0219,0.0085,1385.0
IMG_0377,defect,瑕疵,overexposed,提高相机曝光或示波器亮度，使高亮轨迹局部饱和但仍可辨认,轨迹膨胀、局部纯白、细节丢失,330.439,62.377,0.7125,1.1604,222.801,0.9863,1.0646,0.0077,-0.0364,0.0287,0.0182,1477.0
IMG_0378,defect,瑕疵,scale_clipping,保持正常曝光和构图；不调整示波器档位,幅度过大，回线顶部/底部或左右边缘被截断,250.015,37.638,0.255,1.0465,205.133,1.8824,1.6049,-0.0312,0.0191,-0.0146,0.0244,1757.0
IMG_0379,normal,正常,NORMAL,正常曝光；完整包含示波器屏幕；对焦清晰；相机正对屏幕,完整、亮度适中、位置居中的磁滞回线,303.706,58.376,0.5654,0.9254,174.28,0.9373,1.0483,0.0537,-0.0144,0.0196,0.0211,1544.0
IMG_0380,normal,正常,NORMAL,正常曝光；完整包含示波器屏幕；对焦清晰；相机正对屏幕,完整、亮度适中、位置居中的磁滞回线,93.579,21.061,0.4841,1.2323,190.325,0.9141,1.0639,-0.0447,0.0346,-0.0327,0.008,1363.0
IMG_0381,defect,瑕疵,partial_frame,移动或缩放相机，让屏幕边缘或磁滞回线被裁掉约 15%–45%,拍摄不完整、部分回线位于画面外,270.173,62.384,0.3296,1.1348,218.766,1.0964,1.0333,-0.052,-0.0292,-0.001,-0.004,1447.0
IMG_0382,defect,瑕疵,overexposed,提高相机曝光或示波器亮度，使高亮轨迹局部饱和但仍可辨认,轨迹膨胀、局部纯白、细节丢失,47.473,10.178,1.3413,1.68,173.175,1.0562,1.0098,-0.0106,-0.0517,0.0067,-0.0126,1353.0
IMG_0383,defect,瑕疵,scale_clipping,保持正常曝光和构图；不调整示波器档位,幅度过大，回线顶部/底部或左右边缘被截断,403.941,70.051,0.7801,1.613,186.431,1.6803,1.8449,-0.0311,0.0178,0.0029,0.0213,1892.0
IMG_0384,defect,瑕疵,overexposed,提高相机曝光或示波器亮度，使高亮轨迹局部饱和但仍可辨认,轨迹膨胀、局部纯白、细节丢失,149.129,57.501,0.4742,1.4161,168.679,1.0269,0.9168,-0.0041,0.0345,-0.0147,-0.0094,1622.0
IMG_0385,normal,正常,NORMAL,正常曝光；完整包含示波器屏幕；对焦清晰；相机正对屏幕,完整、亮度适中、位置居中的磁滞回线,171.203,43.79,1.0076,1.5066,187.568,1.0948,0.9076,-0.019,-0.041,-0.0069,0.006,1548.0
IMG_0386,defect,瑕疵,scale_clipping,保持正常曝光和构图；不调整示波器档位,幅度过大，回线顶部/底部或左右边缘被截断,93.175,11.959,0.3514,1.663,196.679,1.4992,1.5717,0.0468,0.0383,-0.0337,0.0023,1766.0
IMG_0387,defect,瑕疵,underexposed,降低相机曝光或示波器亮度，使轨迹明显偏暗但仍留有部分可见点,轨迹暗淡、断续、信噪比下降,108.336,13.246,0.1982,0.9898,174.151,0.9697,1.0533,0.05,0.0501,0.0398,-0.0043,1442.0
IMG_0388,defect,瑕疵,offset_outside,保持正常拍摄；由固件偏置/增益使回线部分超出示波器显示范围,X 方向偏心并发生屏幕裁切,92.487,21.529,1.3416,1.6957,151.072,1.1785,1.3484,0.6618,-0.0443,-0.0309,0.0191,1412.0
IMG_0389,defect,瑕疵,underexposed,降低相机曝光或示波器亮度，使轨迹明显偏暗但仍留有部分可见点,轨迹暗淡、断续、信噪比下降,282.724,61.945,0.7767,1.7231,182.332,1.0426,1.0969,0.056,-0.0463,0.0168,-0.0226,1605.0
IMG_0390,defect,瑕疵,tilt_asymmetry,正常拍摄，保留固件产生的倾斜与上下支不对称,回线明显倾斜、上下分支不对称,416.987,53.346,0.4729,0.796,194.275,0.9783,0.9474,0.0106,-0.0372,0.2046,-0.1875,1640.0
IMG_0391,defect,瑕疵,defocus_motion,轻微失焦或手持轻微运动拍摄，保留可识别的整体形状,轨迹模糊、拖影或重影,363.078,43.428,0.9815,1.3913,197.997,0.9565,0.979,0.0585,-0.0465,0.0198,-0.0179,1619.0
IMG_0392,defect,瑕疵,offset_outside,保持正常拍摄；由固件偏置/增益使回线部分超出示波器显示范围,XY 方向偏心并发生屏幕裁切,244.952,26.198,0.4281,0.8936,204.429,1.3214,1.1947,-0.5896,0.5138,0.0355,-0.0055,1616.0
IMG_0393,normal,正常,NORMAL,正常曝光；完整包含示波器屏幕；对焦清晰；相机正对屏幕,完整、亮度适中、位置居中的磁滞回线,384.362,71.073,1.0201,1.1889,194.209,1.0953,1.0343,0.0485,0.035,0.009,-0.0114,1540.0
IMG_0394,defect,瑕疵,tilt_asymmetry,正常拍摄，保留固件产生的倾斜与上下支不对称,回线明显倾斜、上下分支不对称,191.273,28.366,0.4404,0.8859,224.364,1.0748,1.0221,0.0429,-0.0538,-0.3051,0.1295,1623.0
IMG_0395,defect,瑕疵,defocus_motion,轻微失焦或手持轻微运动拍摄，保留可识别的整体形状,轨迹模糊、拖影或重影,195.946,40.351,0.746,1.5831,167.571,1.0114,0.941,0.0163,0.059,-0.0074,0.001,1445.0
IMG_0396,defect,瑕疵,overexposed,提高相机曝光或示波器亮度，使高亮轨迹局部饱和但仍可辨认,轨迹膨胀、局部纯白、细节丢失,186.144,35.278,1.0378,1.2031,238.427,1.0303,1.0988,0.0564,0.0376,-0.0111,0.0082,1409.0
IMG_0397,defect,瑕疵,scale_clipping,保持正常曝光和构图；不调整示波器档位,幅度过大，回线顶部/底部或左右边缘被截断,129.12,49.894,0.3573,0.8386,162.481,1.8026,1.878,0.0054,-0.0109,0.0352,-0.0013,1755.0
IMG_0398,defect,瑕疵,underexposed,降低相机曝光或示波器亮度，使轨迹明显偏暗但仍留有部分可见点,轨迹暗淡、断续、信噪比下降,139.492,54.535,0.474,0.9273,158.346,1.0019,0.9677,0.0256,-0.013,-0.0326,0.0186,1409.0
IMG_0399,defect,瑕疵,overexposed,提高相机曝光或示波器亮度，使高亮轨迹局部饱和但仍可辨认,轨迹膨胀、局部纯白、细节丢失,57.514,9.09,0.8889,1.4214,177.352,1.0154,0.954,0.0198,0.0507,-0.0293,-0.0133,1647.0
IMG_0400,defect,瑕疵,scale_clipping,保持正常曝光和构图；不调整示波器档位,幅度过大，回线顶部/底部或左右边缘被截断,128.9,46.913,0.2534,1.3372,154.039,1.4514,1.7337,0.011,0.0059,-0.0061,-0.0189,1882.0
IMG_0401,defect,瑕疵,small_dim_loop,保持常规相机曝光和示波器档位，不放大画面,回线过小、偏暗、有效像素少,162.585,20.725,0.712,1.0818,223.687,0.4348,0.4108,-0.0011,-0.047,0.0184,-0.0106,536.0
IMG_0402,normal,正常,NORMAL,正常曝光；完整包含示波器屏幕；对焦清晰；相机正对屏幕,完整、亮度适中、位置居中的磁滞回线,84.751,13.706,0.6694,0.7692,197.397,0.9695,0.9615,-0.0163,-0.0495,0.0351,0.0104,1413.0
IMG_0403,defect,瑕疵,small_dim_loop,保持常规相机曝光和示波器档位，不放大画面,回线过小、偏暗、有效像素少,299.484,64.731,0.445,0.7424,199.562,0.532,0.7083,-0.0053,-0.0019,-0.0152,0.0209,500.0
IMG_0404,defect,瑕疵,underexposed,降低相机曝光或示波器亮度，使轨迹明显偏暗但仍留有部分可见点,轨迹暗淡、断续、信噪比下降,78.483,17.368,0.8577,1.1274,175.815,0.9075,1.0444,0.008,-0.02,0.0332,-0.0032,1436.0
IMG_0405,defect,瑕疵,scale_clipping,保持正常曝光和构图；不调整示波器档位,幅度过大，回线顶部/底部或左右边缘被截断,201.419,31.97,0.2114,1.0963,184.57,1.4468,1.4075,0.0075,0.0178,-0.0263,-0.0225,1810.0
IMG_0406,defect,瑕疵,scale_clipping,保持正常曝光和构图；不调整示波器档位,幅度过大，回线顶部/底部或左右边缘被截断,329.287,64.676,0.3514,1.5305,182.052,1.6382,1.435,-0.0043,-0.0101,0.0137,-0.016,1886.0
IMG_0407,defect,瑕疵,small_dim_loop,保持常规相机曝光和示波器档位，不放大画面,回线过小、偏暗、有效像素少,376.739,64.991,0.7126,0.826,176.476,0.4061,0.7032,-0.0327,-0.0057,0.0312,0.0227,447.0
IMG_0408,defect,瑕疵,tilt_asymmetry,正常拍摄，保留固件产生的倾斜与上下支不对称,回线明显倾斜、上下分支不对称,77.85,29.747,0.2997,0.764,216.701,0.9909,1.0267,0.0479,0.0112,0.4278,0.1586,1649.0
IMG_0409,defect,瑕疵,partial_frame,移动或缩放相机，让屏幕边缘或磁滞回线被裁掉约 15%–45%,拍摄不完整、部分回线位于画面外,378.781,64.536,0.8323,0.957,182.87,0.9341,1.0332,-0.0185,0.0343,-0.0295,-0.0003,1426.0
IMG_0410,defect,瑕疵,offset_outside,保持正常拍摄；由固件偏置/增益使回线部分超出示波器显示范围,X 方向偏心并发生屏幕裁切,196.694,22.733,0.67,1.147,222.405,1.2395,1.2523,-0.5117,0.0369,0.0087,-0.0198,1374.0
IMG_0411,defect,瑕疵,offset_outside,保持正常拍摄；由固件偏置/增益使回线部分超出示波器显示范围,X 方向偏心并发生屏幕裁切,383.98,43.8,0.4842,1.7772,156.59,1.1028,1.2798,0.5569,-0.01,0.0262,0.023,1650.0
IMG_0412,defect,瑕疵,defocus_motion,轻微失焦或手持轻微运动拍摄，保留可识别的整体形状,轨迹模糊、拖影或重影,151.511,17.054,0.5263,0.8259,229.804,0.9004,0.9924,0.0435,-0.0106,-0.0006,0.0021,1447.0
IMG_0413,defect,瑕疵,scale_clipping,保持正常曝光和构图；不调整示波器档位,幅度过大，回线顶部/底部或左右边缘被截断,146.508,28.747,0.8135,1.1791,230.896,1.5363,1.4714,0.0021,-0.0122,-0.0211,0.0056,1764.0
IMG_0414,defect,瑕疵,offset_outside,保持正常拍摄；由固件偏置/增益使回线部分超出示波器显示范围,X 方向偏心并发生屏幕裁切,183.021,21.596,0.1814,0.7452,206.852,1.3177,1.0943,0.6592,0.0309,0.0278,-0.017,1610.0
IMG_0415,defect,瑕疵,overexposed,提高相机曝光或示波器亮度，使高亮轨迹局部饱和但仍可辨认,轨迹膨胀、局部纯白、细节丢失,106.631,14.398,0.5806,1.4308,213.397,1.0008,0.9427,0.0239,0.0197,-0.0222,-0.0149,1467.0
IMG_0416,defect,瑕疵,overexposed,提高相机曝光或示波器亮度，使高亮轨迹局部饱和但仍可辨认,轨迹膨胀、局部纯白、细节丢失,199.971,21.673,0.686,1.3684,232.245,1.0805,0.9062,0.0284,0.0315,0.0205,-0.0104,1366.0
IMG_0417,defect,瑕疵,tilt_asymmetry,正常拍摄，保留固件产生的倾斜与上下支不对称,回线明显倾斜、上下分支不对称,297.078,43.021,0.3343,1.4446,195.822,1.0454,0.9113,-0.0297,0.0245,-0.1873,0.2638,1540.0
IMG_0418,normal,正常,NORMAL,正常曝光；完整包含示波器屏幕；对焦清晰；相机正对屏幕,完整、亮度适中、位置居中的磁滞回线,385.893,65.752,0.6959,1.2597,208.164,1.0283,0.9119,-0.0263,0.0062,0.0177,0.0039,1605.0
IMG_0419,defect,瑕疵,defocus_motion,轻微失焦或手持轻微运动拍摄，保留可识别的整体形状,轨迹模糊、拖影或重影,415.397,52.546,0.5483,1.0588,181.599,0.9306,0.9451,0.0074,-0.0412,0.0273,-0.0104,1608.0
IMG_0420,normal,正常,NORMAL,正常曝光；完整包含示波器屏幕；对焦清晰；相机正对屏幕,完整、亮度适中、位置居中的磁滞回线,176.192,68.115,0.4443,1.3989,170.453,1.0609,0.9034,0.0389,-0.033,0.0155,0.0151,1424.0
IMG_0421,defect,瑕疵,overexposed,提高相机曝光或示波器亮度，使高亮轨迹局部饱和但仍可辨认,轨迹膨胀、局部纯白、细节丢失,200.163,73.505,0.3227,0.8514,192.431,0.9209,0.9281,0.0504,-0.0031,-0.04,-0.0177,1399.0
IMG_0422,defect,瑕疵,partial_frame,移动或缩放相机，让屏幕边缘或磁滞回线被裁掉约 15%–45%,拍摄不完整、部分回线位于画面外,362.821,58.236,0.6937,0.9788,232.512,1.0704,1.0221,0.042,-0.0018,-0.0307,-0.018,1361.0
IMG_0423,defect,瑕疵,overexposed,提高相机曝光或示波器亮度，使高亮轨迹局部饱和但仍可辨认,轨迹膨胀、局部纯白、细节丢失,145.336,57.974,0.8823,1.6624,236.581,0.9908,0.9825,0.04,-0.0218,0.0348,0.0121,1437.0
IMG_0424,defect,瑕疵,underexposed,降低相机曝光或示波器亮度，使轨迹明显偏暗但仍留有部分可见点,轨迹暗淡、断续、信噪比下降,276.613,45.842,1.0046,1.6129,208.163,0.9771,1.0091,0.02,0.0243,0.0017,-0.0013,1613.0
IMG_0425,defect,瑕疵,overexposed,提高相机曝光或示波器亮度，使高亮轨迹局部饱和但仍可辨认,轨迹膨胀、局部纯白、细节丢失,355.231,46.513,0.3207,1.7058,164.768,0.9566,0.99,-0.0195,-0.0077,0.032,-0.0084,1549.0
IMG_0426,defect,瑕疵,offset_outside,保持正常拍摄；由固件偏置/增益使回线部分超出示波器显示范围,Y 方向偏心并发生屏幕裁切,260.449,53.458,0.7456,1.0922,207.601,1.1348,1.0901,-0.038,0.7274,-0.0369,-0.0179,1483.0
IMG_0427,defect,瑕疵,overexposed,提高相机曝光或示波器亮度，使高亮轨迹局部饱和但仍可辨认,轨迹膨胀、局部纯白、细节丢失,278.598,50.982,1.0141,1.6299,202.701,1.0629,1.0208,-0.0562,-0.0553,0.0098,-0.0085,1462.0
IMG_0428,defect,瑕疵,defocus_motion,轻微失焦或手持轻微运动拍摄，保留可识别的整体形状,轨迹模糊、拖影或重影,177.558,35.668,0.8273,0.9484,236.536,0.9944,0.9649,0.0413,-0.0022,0.0095,-0.0175,1562.0
IMG_0429,defect,瑕疵,scale_clipping,保持正常曝光和构图；不调整示波器档位,幅度过大，回线顶部/底部或左右边缘被截断,77.665,6.241,0.4966,1.0121,156.584,1.464,1.6367,-0.001,-0.0474,-0.0384,-0.0037,1738.0
IMG_0430,defect,瑕疵,tilt_asymmetry,正常拍摄，保留固件产生的倾斜与上下支不对称,回线明显倾斜、上下分支不对称,381.348,67.337,0.2299,0.8147,190.685,1.0986,0.9795,-0.0018,-0.0336,0.3466,-0.2486,1499.0
IMG_0431,defect,瑕疵,overexposed,提高相机曝光或示波器亮度，使高亮轨迹局部饱和但仍可辨认,轨迹膨胀、局部纯白、细节丢失,185.991,20.569,1.0397,1.6431,154.778,0.9135,0.9595,-0.008,-0.0212,0.0122,-0.0082,1481.0
IMG_0432,defect,瑕疵,scale_clipping,保持正常曝光和构图；不调整示波器档位,幅度过大，回线顶部/底部或左右边缘被截断,61.381,13.378,0.5773,0.8058,233.166,1.5664,1.7716,0.0465,0.0427,0.0394,-0.004,1862.0
IMG_0433,defect,瑕疵,small_dim_loop,保持常规相机曝光和示波器档位，不放大画面,回线过小、偏暗、有效像素少,173.565,21.238,1.1395,1.7011,150.522,0.6058,0.7426,-0.0399,-0.0005,-0.013,-0.0145,578.0
IMG_0434,normal,正常,NORMAL,正常曝光；完整包含示波器屏幕；对焦清晰；相机正对屏幕,完整、亮度适中、位置居中的磁滞回线,247.982,72.996,0.9404,1.4286,236.905,1.0936,1.0009,-0.0338,0.0466,-0.0062,-0.0037,1500.0
IMG_0435,defect,瑕疵,tilt_asymmetry,正常拍摄，保留固件产生的倾斜与上下支不对称,回线明显倾斜、上下分支不对称,59.859,9.735,0.2604,0.8977,217.156,0.9599,1.0148,-0.0312,-0.0241,0.1896,0.2334,1419.0
IMG_0436,defect,瑕疵,small_dim_loop,保持常规相机曝光和示波器档位，不放大画面,回线过小、偏暗、有效像素少,153.672,42.244,1.0753,1.5651,181.279,0.3697,0.5647,0.0333,-0.0399,0.0356,-0.0087,354.0
IMG_0437,defect,瑕疵,scale_clipping,保持正常曝光和构图；不调整示波器档位,幅度过大，回线顶部/底部或左右边缘被截断,348.088,53.358,0.5586,1.5631,152.632,1.4142,1.4739,-0.0113,-0.0461,-0.0159,-0.0135,1737.0
IMG_0438,defect,瑕疵,partial_frame,移动或缩放相机，让屏幕边缘或磁滞回线被裁掉约 15%–45%,拍摄不完整、部分回线位于画面外,347.014,74.341,1.1818,1.3919,153.357,1.0871,1.003,0.0473,0.0069,0.0032,-0.0226,1418.0
IMG_0439,defect,瑕疵,scale_clipping,保持正常曝光和构图；不调整示波器档位,幅度过大，回线顶部/底部或左右边缘被截断,231.175,26.531,0.3823,1.5615,234.619,1.5063,1.6452,-0.0361,0.0273,-0.0339,0.0199,1765.0
IMG_0440,defect,瑕疵,defocus_motion,轻微失焦或手持轻微运动拍摄，保留可识别的整体形状,轨迹模糊、拖影或重影,231.866,52.833,0.6695,1.6177,234.633,0.9931,1.0889,-0.0559,-0.0287,-0.0251,-0.0088,1420.0
IMG_0441,defect,瑕疵,overexposed,提高相机曝光或示波器亮度，使高亮轨迹局部饱和但仍可辨认,轨迹膨胀、局部纯白、细节丢失,131.576,54.757,0.7342,0.8359,193.069,1.0173,0.9089,0.0506,-0.0356,-0.0183,0.0247,1441.0
IMG_0442,defect,瑕疵,small_dim_loop,保持常规相机曝光和示波器档位，不放大画面,回线过小、偏暗、有效像素少,145.563,26.489,0.5005,0.8921,167.925,0.5844,0.6858,-0.0039,0.014,0.0136,-0.0154,445.0
IMG_0443,defect,瑕疵,partial_frame,移动或缩放相机，让屏幕边缘或磁滞回线被裁掉约 15%–45%,拍摄不完整、部分回线位于画面外,278.543,47.162,0.8564,1.6126,236.785,0.9348,1.0912,0.0202,-0.0519,0.0086,-0.0101,1379.0
IMG_0444,defect,瑕疵,defocus_motion,轻微失焦或手持轻微运动拍摄，保留可识别的整体形状,轨迹模糊、拖影或重影,249.058,25.006,0.7527,0.935,172.567,1.0084,1.0994,0.0189,-0.0062,-0.0135,-0.0196,1489.0
IMG_0445,defect,瑕疵,scale_clipping,保持正常曝光和构图；不调整示波器档位,幅度过大，回线顶部/底部或左右边缘被截断,140.663,22.198,0.4228,1.1275,220.606,1.495,1.7768,-0.0174,-0.0366,0.0044,-0.0209,1783.0
IMG_0446,defect,瑕疵,scale_clipping,保持正常曝光和构图；不调整示波器档位,幅度过大，回线顶部/底部或左右边缘被截断,310.778,70.79,0.5499,1.193,181.592,1.6679,1.8586,0.0528,-0.0189,-0.0072,0.0156,1765.0
IMG_0447,defect,瑕疵,offset_outside,保持正常拍摄；由固件偏置/增益使回线部分超出示波器显示范围,XY 方向偏心并发生屏幕裁切,400.768,51.441,0.7107,1.305,158.934,1.3334,1.2021,-0.7518,0.6856,0.0048,-0.0101,1555.0
IMG_0448,defect,瑕疵,overexposed,提高相机曝光或示波器亮度，使高亮轨迹局部饱和但仍可辨认,轨迹膨胀、局部纯白、细节丢失,88.859,10.615,0.6818,1.4929,198.496,0.9397,0.9777,-0.0292,0.0063,0.0131,-0.01,1573.0
IMG_0449,normal,正常,NORMAL,正常曝光；完整包含示波器屏幕；对焦清晰；相机正对屏幕,完整、亮度适中、位置居中的磁滞回线,119.844,24.052,0.6025,1.25,217.539,0.9572,1.0955,0.0149,-0.031,0.011,0.0103,1510.0
IMG_0450,defect,瑕疵,overexposed,提高相机曝光或示波器亮度，使高亮轨迹局部饱和但仍可辨认,轨迹膨胀、局部纯白、细节丢失,209.816,29.242,0.6813,1.283,191.09,0.9506,0.9283,0.0428,-0.023,-0.0104,-0.0187,1450.0
IMG_0451,defect,瑕疵,partial_frame,移动或缩放相机，让屏幕边缘或磁滞回线被裁掉约 15%–45%,拍摄不完整、部分回线位于画面外,162.822,32.066,0.6582,1.2723,187.943,1.0626,0.9311,-0.0009,0.0296,0.0072,0.0172,1455.0
IMG_0452,defect,瑕疵,small_dim_loop,保持常规相机曝光和示波器档位，不放大画面,回线过小、偏暗、有效像素少,325.058,55.045,0.5434,1.6352,215.047,0.5673,0.466,0.0343,-0.0545,-0.0129,-0.019,654.0
IMG_0453,defect,瑕疵,offset_outside,保持正常拍摄；由固件偏置/增益使回线部分超出示波器显示范围,XY 方向偏心并发生屏幕裁切,235.08,66.522,1.2182,1.6617,161.484,1.319,1.2824,0.6592,-0.5944,-0.0377,0.0174,1591.0
IMG_0454,defect,瑕疵,tilt_asymmetry,正常拍摄，保留固件产生的倾斜与上下支不对称,回线明显倾斜、上下分支不对称,410.828,54.807,0.6874,0.8273,239.423,1.0955,1.0786,0.0069,0.0462,0.2166,0.2742,1523.0
IMG_0455,normal,正常,NORMAL,正常曝光；完整包含示波器屏幕；对焦清晰；相机正对屏幕,完整、亮度适中、位置居中的磁滞回线,49.825,16.181,0.7936,0.9743,150.112,0.9674,0.9295,0.0106,-0.0019,0.0263,-0.0125,1481.0
IMG_0456,normal,正常,NORMAL,正常曝光；完整包含示波器屏幕；对焦清晰；相机正对屏幕,完整、亮度适中、位置居中的磁滞回线,283.315,55.302,0.2679,1.2305,165.942,1.0595,0.9028,-0.0593,0.0585,0.0058,-0.0231,1565.0
IMG_0457,normal,正常,NORMAL,正常曝光；完整包含示波器屏幕；对焦清晰；相机正对屏幕,完整、亮度适中、位置居中的磁滞回线,175.461,45.481,0.7749,1.0593,213.75,0.9537,1.0592,-0.0267,0.0111,-0.0003,-0.0154,1428.0
IMG_0458,defect,瑕疵,scale_clipping,保持正常曝光和构图；不调整示波器档位,幅度过大，回线顶部/底部或左右边缘被截断,59.893,7.847,0.5209,0.8239,228.244,1.6941,1.7925,-0.004,-0.032,0.0048,0.0118,1740.0
IMG_0459,defect,瑕疵,scale_clipping,保持正常曝光和构图；不调整示波器档位,幅度过大，回线顶部/底部或左右边缘被截断,373.667,41.921,0.6333,0.7244,203.388,1.5423,1.41,0.0319,-0.047,-0.002,-0.0083,1747.0
IMG_0460,defect,瑕疵,offset_outside,保持正常拍摄；由固件偏置/增益使回线部分超出示波器显示范围,XY 方向偏心并发生屏幕裁切,255.895,54.29,0.5696,0.9009,217.29,1.1058,1.2875,-0.7014,0.4946,0.0116,-0.0019,1427.0
IMG_0461,defect,瑕疵,defocus_motion,轻微失焦或手持轻微运动拍摄，保留可识别的整体形状,轨迹模糊、拖影或重影,357.095,38.888,0.2205,1.1855,235.864,0.9462,0.9242,0.0424,0.0435,0.0315,-0.0196,1380.0
IMG_0462,defect,瑕疵,tilt_asymmetry,正常拍摄，保留固件产生的倾斜与上下支不对称,回线明显倾斜、上下分支不对称,145.798,47.307,0.6943,1.1966,187.794,0.9692,1.0392,0.0228,0.0201,-0.2804,0.1521,1584.0
IMG_0463,defect,瑕疵,tilt_asymmetry,正常拍摄，保留固件产生的倾斜与上下支不对称,回线明显倾斜、上下分支不对称,348.484,41.122,0.744,1.2593,159.772,1.0152,0.9798,0.0268,0.0445,0.2137,-0.1635,1624.0
IMG_0464,normal,正常,NORMAL,正常曝光；完整包含示波器屏幕；对焦清晰；相机正对屏幕,完整、亮度适中、位置居中的磁滞回线,391.465,55.608,0.3644,1.1467,160.606,1.0938,0.921,-0.0126,0.0242,-0.0398,0.0135,1462.0
IMG_0465,defect,瑕疵,offset_outside,保持正常拍摄；由固件偏置/增益使回线部分超出示波器显示范围,Y 方向偏心并发生屏幕裁切,291.346,69.986,0.3778,0.8401,211.604,1.393,1.2282,0.0194,-0.4914,-0.0288,-0.0088,1376.0
IMG_0466,defect,瑕疵,overexposed,提高相机曝光或示波器亮度，使高亮轨迹局部饱和但仍可辨认,轨迹膨胀、局部纯白、细节丢失,128.221,52.318,0.3848,0.9988,208.922,0.9367,1.087,-0.0269,-0.0041,-0.0145,-0.0061,1437.0
IMG_0467,defect,瑕疵,tilt_asymmetry,正常拍摄，保留固件产生的倾斜与上下支不对称,回线明显倾斜、上下分支不对称,183.308,58.855,0.2957,0.7156,211.09,0.9615,0.9382,-0.0048,-0.03,-0.2728,-0.1229,1650.0
IMG_0468,defect,瑕疵,small_dim_loop,保持常规相机曝光和示波器档位，不放大画面,回线过小、偏暗、有效像素少,142.877,15.836,0.5621,1.0755,167.347,0.4766,0.7301,-0.037,-0.0022,-0.0309,-0.0086,639.0
IMG_0469,defect,瑕疵,defocus_motion,轻微失焦或手持轻微运动拍摄，保留可识别的整体形状,轨迹模糊、拖影或重影,81.055,9.036,0.8977,1.1935,211.386,1.0694,1.0445,0.0251,0.008,-0.0014,0.0161,1631.0
IMG_0470,normal,正常,NORMAL,正常曝光；完整包含示波器屏幕；对焦清晰；相机正对屏幕,完整、亮度适中、位置居中的磁滞回线,175.324,34.375,0.5881,0.7089,184.509,0.9927,0.9594,-0.0327,0.0334,0.0327,0.0168,1441.0
IMG_0471,normal,正常,NORMAL,正常曝光；完整包含示波器屏幕；对焦清晰；相机正对屏幕,完整、亮度适中、位置居中的磁滞回线,396.333,45.475,0.3985,1.0389,150.979,1.0682,0.9589,0.0118,0.0042,-0.0019,-0.021,1596.0
IMG_0472,defect,瑕疵,overexposed,提高相机曝光或示波器亮度，使高亮轨迹局部饱和但仍可辨认,轨迹膨胀、局部纯白、细节丢失,191.873,71.677,0.9482,1.3087,179.791,1.0481,1.0223,-0.0454,-0.0362,0.008,0.0232,1628.0
IMG_0473,defect,瑕疵,defocus_motion,轻微失焦或手持轻微运动拍摄，保留可识别的整体形状,轨迹模糊、拖影或重影,297.04,35.351,0.4256,0.8578,162.725,0.9899,0.9082,0.0308,0.0313,0.0055,0.0125,1500.0
IMG_0474,defect,瑕疵,offset_outside,保持正常拍摄；由固件偏置/增益使回线部分超出示波器显示范围,Y 方向偏心并发生屏幕裁切,112.954,12.784,0.9372,1.601,186.553,1.321,1.2071,-0.0289,-0.4925,-0.0261,-0.0048,1608.0
IMG_0475,normal,正常,NORMAL,正常曝光；完整包含示波器屏幕；对焦清晰；相机正对屏幕,完整、亮度适中、位置居中的磁滞回线,235.857,26.339,0.2256,0.8257,238.518,1.0515,1.096,-0.0262,0.047,0.0341,0.0069,1458.0
IMG_0476,defect,瑕疵,tilt_asymmetry,正常拍摄，保留固件产生的倾斜与上下支不对称,回线明显倾斜、上下分支不对称,258.651,62.8,0.5982,1.2619,188.974,0.9681,1.0726,0.0248,-0.0212,0.1912,-0.2746,1504.0
IMG_0477,defect,瑕疵,overexposed,提高相机曝光或示波器亮度，使高亮轨迹局部饱和但仍可辨认,轨迹膨胀、局部纯白、细节丢失,123.957,24.679,0.9314,1.7379,229.141,0.9406,1.0469,-0.0591,-0.029,0.0115,-0.0104,1642.0
IMG_0478,defect,瑕疵,underexposed,降低相机曝光或示波器亮度，使轨迹明显偏暗但仍留有部分可见点,轨迹暗淡、断续、信噪比下降,393.666,70.301,0.7651,1.79,165.737,1.0213,1.0743,-0.0533,0.0173,-0.0321,-0.0123,1637.0
IMG_0479,defect,瑕疵,offset_outside,保持正常拍摄；由固件偏置/增益使回线部分超出示波器显示范围,X 方向偏心并发生屏幕裁切,227.156,32.936,0.5501,1.1202,225.193,1.054,1.122,0.6995,0.0526,0.0347,-0.0057,1387.0
IMG_0480,normal,正常,NORMAL,正常曝光；完整包含示波器屏幕；对焦清晰；相机正对屏幕,完整、亮度适中、位置居中的磁滞回线,228.403,34.707,0.4708,1.2616,206.256,1.0556,0.9425,-0.0314,0.0479,-0.0225,-0.0152,1536.0
IMG_0481,defect,瑕疵,defocus_motion,轻微失焦或手持轻微运动拍摄，保留可识别的整体形状,轨迹模糊、拖影或重影,52.73,13.43,0.7839,1.0379,204.955,1.0778,0.999,0.0458,-0.0547,0.0326,0.0011,1639.0
IMG_0482,normal,正常,NORMAL,正常曝光；完整包含示波器屏幕；对焦清晰；相机正对屏幕,完整、亮度适中、位置居中的磁滞回线,161.623,19.142,0.7979,0.9419,203.108,0.9643,1.045,-0.0184,0.0585,0.0055,0.0099,1459.0
IMG_0483,defect,瑕疵,overexposed,提高相机曝光或示波器亮度，使高亮轨迹局部饱和但仍可辨认,轨迹膨胀、局部纯白、细节丢失,288.963,64.616,0.403,0.7884,207.743,0.9451,1.0528,0.0045,-0.0084,-0.0355,0.0059,1514.0
IMG_0484,normal,正常,NORMAL,正常曝光；完整包含示波器屏幕；对焦清晰；相机正对屏幕,完整、亮度适中、位置居中的磁滞回线,277.786,40.489,0.5005,1.2742,190.138,0.936,0.9961,-0.0342,0.0157,0.015,0.0073,1525.0
IMG_0485,defect,瑕疵,tilt_asymmetry,正常拍摄，保留固件产生的倾斜与上下支不对称,回线明显倾斜、上下分支不对称,137.444,42.976,0.84,1.6695,222.31,1.0437,1.0877,-0.0151,0.0187,-0.2914,0.2343,1441.0
IMG_0486,defect,瑕疵,defocus_motion,轻微失焦或手持轻微运动拍摄，保留可识别的整体形状,轨迹模糊、拖影或重影,183.024,23.697,0.4786,1.4273,178.432,1.083,1.0011,0.0161,-0.0457,-0.0101,0.0085,1447.0
IMG_0487,defect,瑕疵,overexposed,提高相机曝光或示波器亮度，使高亮轨迹局部饱和但仍可辨认,轨迹膨胀、局部纯白、细节丢失,62.184,9.18,1.0546,1.6327,238.086,0.9659,0.9765,-0.0237,0.0308,-0.0122,-0.0011,1581.0
IMG_0488,defect,瑕疵,underexposed,降低相机曝光或示波器亮度，使轨迹明显偏暗但仍留有部分可见点,轨迹暗淡、断续、信噪比下降,212.287,24.641,0.5739,1.2935,178.688,1.058,1.0008,-0.0441,0.0072,0.0075,-0.0144,1587.0
IMG_0489,defect,瑕疵,defocus_motion,轻微失焦或手持轻微运动拍摄，保留可识别的整体形状,轨迹模糊、拖影或重影,271.785,36.743,0.5639,0.9203,214.353,1.0293,0.9386,0.0502,-0.0379,-0.0396,0.015,1392.0
IMG_0490,defect,瑕疵,small_dim_loop,保持常规相机曝光和示波器档位，不放大画面,回线过小、偏暗、有效像素少,180.701,28.765,0.5884,1.7141,177.691,0.57,0.7038,0.058,0.0103,-0.0119,0.0102,662.0
IMG_0491,defect,瑕疵,scale_clipping,保持正常曝光和构图；不调整示波器档位,幅度过大，回线顶部/底部或左右边缘被截断,166.775,28.357,0.4272,1.3812,234.68,1.6431,1.6881,-0.0556,-0.0585,-0.0127,0.0154,1824.0
IMG_0492,defect,瑕疵,defocus_motion,轻微失焦或手持轻微运动拍摄，保留可识别的整体形状,轨迹模糊、拖影或重影,275.825,40.016,0.1933,1.049,215.843,1.0399,0.9113,0.0175,-0.0003,-0.0288,-0.0148,1625.0
IMG_0493,defect,瑕疵,offset_outside,保持正常拍摄；由固件偏置/增益使回线部分超出示波器显示范围,Y 方向偏心并发生屏幕裁切,248.6,51.787,0.2709,1.1535,214.305,1.1555,1.1316,0.0431,0.5723,-0.0377,0.0236,1536.0
IMG_0494,defect,瑕疵,overexposed,提高相机曝光或示波器亮度，使高亮轨迹局部饱和但仍可辨认,轨迹膨胀、局部纯白、细节丢失,413.283,49.019,1.4373,1.6833,190.108,0.9829,0.9574,-0.0141,0.0176,0.0302,0.0145,1427.0
IMG_0495,defect,瑕疵,small_dim_loop,保持常规相机曝光和示波器档位，不放大画面,回线过小、偏暗、有效像素少,266.731,59.13,0.6569,1.4993,225.428,0.4532,0.7052,0.0034,-0.0046,-0.034,-0.0128,600.0
IMG_0496,normal,正常,NORMAL,正常曝光；完整包含示波器屏幕；对焦清晰；相机正对屏幕,完整、亮度适中、位置居中的磁滞回线,101.984,11.871,0.7166,1.6397,238.447,1.0859,0.9309,-0.0148,-0.0209,-0.0233,0.0191,1572.0
IMG_0497,normal,正常,NORMAL,正常曝光；完整包含示波器屏幕；对焦清晰；相机正对屏幕,完整、亮度适中、位置居中的磁滞回线,257.651,64.173,0.926,1.2752,159.297,1.0111,1.0147,0.0005,-0.026,0.0337,0.0182,1459.0
IMG_0498,normal,正常,NORMAL,正常曝光；完整包含示波器屏幕；对焦清晰；相机正对屏幕,完整、亮度适中、位置居中的磁滞回线,399.745,45.992,0.805,1.79,204.622,1.0731,1.0797,0.0595,0.0222,0.0199,-0.0123,1614.0
IMG_0499,defect,瑕疵,offset_outside,保持正常拍摄；由固件偏置/增益使回线部分超出示波器显示范围,Y 方向偏心并发生屏幕裁切,374.2,52.221,0.4024,0.7371,163.49,1.0638,1.063,0.0359,0.5279,0.0391,0.0151,1435.0
IMG_0500,defect,瑕疵,defocus_motion,轻微失焦或手持轻微运动拍摄，保留可识别的整体形状,轨迹模糊、拖影或重影,221.956,22.45,0.4137,1.6278,152.77,0.9358,1.0115,0.0484,-0.0089,0.0372,0.0182,1427.0
