image,hc_negative_div,hc_positive_div,br_positive_div,br_negative_div,h_bias_div,br_bias_div,hc_half_span_div,br_half_span_div,h_extreme_positive_div,b_extreme_positive_div,h_extreme_negative_div,b_extreme_negative_div,grid_origin_x_px,grid_origin_y_px,x_pixels_per_div,y_pixels_per_div
IMG_0001.jpg,-0.873418,-0.734177,nan,nan,-0.803797,nan,0.069620,nan,-0.848101,-0.291139,-0.734177,0.240506,272.00,308.00,79.00,79.00
IMG_0002.jpg,0.034177,0.835443,0.037975,-1.734177,0.434810,-0.848101,0.400633,0.886076,-0.025316,-1.797468,1.164557,2.291139,272.00,308.00,79.00,79.00
IMG_0003.jpg,0.000000,0.848101,0.088608,-1.645570,0.424051,-0.778481,0.424051,0.867089,-0.151899,-1.848101,1.151899,2.000000,272.00,308.00,79.00,79.00
IMG_0004.jpg,-0.443038,1.303797,0.544304,-1.367089,0.430380,-0.411392,0.873418,0.955696,0.683544,-0.746835,0.708861,1.303797,272.00,308.00,79.00,79.00
IMG_0005.jpg,-0.025316,0.924051,0.506329,-2.303797,0.449367,-0.898734,0.474684,1.405063,0.278481,-2.202532,0.645570,2.278481,272.00,308.00,79.00,79.00
IMG_0006.jpg,0.139241,0.887342,-0.075949,-0.316456,0.513291,-0.196203,0.374051,0.120253,1.126582,0.151899,0.037975,-0.050633,272.00,308.00,79.00,79.00
IMG_0007.jpg,0.136709,0.810127,-0.291139,-2.506329,0.473418,-1.398734,0.336709,1.107595,0.189873,-2.506329,1.392405,2.696203,272.00,308.00,79.00,79.00
IMG_0008.jpg,0.358228,0.882278,-1.227848,-2.164557,0.620253,-1.696203,0.262025,0.468354,0.202532,-2.025316,1.151899,2.455696,272.00,308.00,79.00,79.00
IMG_0009.jpg,-0.139241,0.873418,0.860759,-2.670886,0.367089,-0.905063,0.506329,1.765823,0.113924,-2.696203,0.620253,2.873418,272.00,308.00,79.00,79.00
IMG_0010.jpg,0.083544,0.987342,-0.088608,-2.075949,0.535443,-1.082278,0.451899,0.993671,0.443038,-1.873418,0.734177,2.202532,272.00,308.00,79.00,79.00
IMG_0011.jpg,0.343038,0.772152,nan,nan,0.557595,nan,0.214557,nan,0.696203,-0.113924,0.556962,0.354430,272.00,308.00,79.00,79.00
IMG_0012.jpg,0.291139,0.835443,-1.907595,-2.430380,0.563291,-2.168987,0.272152,0.261392,0.493671,-2.417722,0.683544,2.607595,272.00,308.00,79.00,79.00
IMG_0013.jpg,0.100000,0.887342,-0.126582,-1.721519,0.493671,-0.924051,0.393671,0.797468,0.164557,-1.632911,1.063291,2.202532,272.00,308.00,79.00,79.00
IMG_0014.jpg,0.443038,0.658228,-0.251899,-0.317722,0.550633,-0.284810,0.107595,0.032911,0.556962,-0.265823,0.620253,0.544304,272.00,308.00,79.00,79.00
IMG_0015.jpg,0.101266,0.924051,-0.151899,-2.075949,0.512658,-1.113924,0.411392,0.962025,0.215190,-1.962025,0.898734,2.430380,272.00,308.00,79.00,79.00
IMG_0016.jpg,0.202532,1.012658,-0.784810,-2.405063,0.607595,-1.594937,0.405063,0.810127,0.367089,-2.291139,0.898734,2.531646,272.00,308.00,79.00,79.00
IMG_0017.jpg,0.139241,0.797468,-0.354430,-1.924051,0.468354,-1.139241,0.329114,0.784810,0.189873,-1.835443,0.886076,2.189873,272.00,308.00,79.00,79.00
IMG_0018.jpg,0.050633,0.810127,0.025316,-1.607595,0.430380,-0.791139,0.379747,0.816456,0.012658,-1.645570,0.797468,2.354430,272.00,308.00,79.00,79.00
IMG_0019.jpg,-0.037975,0.959494,0.367089,-2.113924,0.460759,-0.873418,0.498734,1.240506,0.367089,-2.037975,0.582278,1.746835,272.00,308.00,79.00,79.00
IMG_0020.jpg,0.227848,0.822785,-0.443038,-1.645570,0.525316,-1.044304,0.297468,0.601266,-0.037975,-1.708861,1.253165,1.810127,272.00,308.00,79.00,79.00
IMG_0021.jpg,-0.341772,1.075949,0.341772,-0.987342,0.367089,-0.322785,0.708861,0.664557,3.164557,1.835443,-1.987342,-1.354430,272.00,308.00,79.00,79.00
IMG_0022.jpg,-0.987342,2.164557,0.493671,-1.177215,0.588608,-0.341772,1.575949,0.835443,3.531646,0.797468,-2.455696,-0.810127,272.00,308.00,79.00,79.00
IMG_0023.jpg,0.531646,0.734177,nan,nan,0.632911,nan,0.101266,nan,0.645570,-0.316456,0.696203,0.632911,272.00,308.00,79.00,79.00
IMG_0024.jpg,0.025316,1.164557,0.101266,-2.113924,0.594937,-1.006329,0.569620,1.107595,0.303797,-1.936709,0.974684,2.113924,272.00,308.00,79.00,79.00
IMG_0025.jpg,0.101266,0.911392,-0.126582,-2.278481,0.506329,-1.202532,0.405063,1.075949,0.189873,-2.265823,1.253165,2.367089,272.00,308.00,79.00,79.00
IMG_0026.jpg,0.139241,1.227848,-0.544304,-2.349367,0.683544,-1.446835,0.544304,0.902532,0.759494,-2.645570,0.582278,2.886076,272.00,308.00,79.00,79.00
IMG_0027.jpg,0.088608,1.240506,-0.139241,-2.367089,0.664557,-1.253165,0.575949,1.113924,0.645570,-2.113924,0.873418,2.620253,272.00,308.00,79.00,79.00
IMG_0028.jpg,0.189873,0.924051,-0.645570,-1.886076,0.556962,-1.265823,0.367089,0.620253,0.481013,-1.696203,0.797468,2.037975,272.00,308.00,79.00,79.00
IMG_0029.jpg,-0.607595,1.353165,1.392405,-2.189873,0.372785,-0.398734,0.980380,1.791139,0.202532,-2.037975,0.645570,2.291139,272.00,308.00,79.00,79.00
IMG_0030.jpg,0.037975,1.000000,0.139241,-2.468354,0.518987,-1.164557,0.481013,1.303797,0.329114,-2.367089,0.810127,2.582278,272.00,308.00,79.00,79.00
IMG_0031.jpg,0.025316,1.101266,0.012658,-1.518987,0.563291,-0.753165,0.537975,0.765823,0.088608,-1.455696,1.189873,1.683544,272.00,308.00,79.00,79.00
IMG_0032.jpg,0.455696,0.746835,nan,nan,0.601266,nan,0.145570,nan,0.620253,-0.468354,0.620253,0.696203,272.00,308.00,79.00,79.00
IMG_0033.jpg,0.316456,1.012658,-0.734177,-1.873418,0.664557,-1.303797,0.348101,0.569620,0.101266,-1.810127,1.481013,2.455696,272.00,308.00,79.00,79.00
IMG_0034.jpg,-0.240506,1.341772,0.734177,-2.645570,0.550633,-0.955696,0.791139,1.689873,0.164557,-2.620253,1.189873,2.873418,272.00,308.00,79.00,79.00
IMG_0035.jpg,0.189873,0.658228,-0.088608,-0.240506,0.424051,-0.164557,0.234177,0.075949,0.670886,-0.037975,0.658228,0.582278,272.00,308.00,79.00,79.00
IMG_0036.jpg,-0.291139,0.974684,1.265823,-2.506329,0.341772,-0.620253,0.632911,1.886076,0.189873,-2.481013,0.632911,3.037975,272.00,308.00,79.00,79.00
IMG_0037.jpg,-0.518987,1.392405,0.848101,-1.658228,0.436709,-0.405063,0.955696,1.253165,0.506329,-1.227848,0.911392,1.974684,272.00,308.00,79.00,79.00
IMG_0038.jpg,-0.126582,1.000000,0.537975,-1.936709,0.436709,-0.699367,0.563291,1.237342,0.177215,-1.810127,0.936709,2.455696,272.00,308.00,79.00,79.00
IMG_0039.jpg,0.375949,0.632911,-0.172152,-0.308861,0.504430,-0.240506,0.128481,0.068354,0.569620,-0.227848,0.594937,0.544304,272.00,308.00,79.00,79.00
IMG_0040.jpg,-0.265823,1.405063,0.506329,-1.696203,0.569620,-0.594937,0.835443,1.101266,0.430380,-1.392405,0.949367,1.759494,272.00,308.00,79.00,79.00
IMG_0041.jpg,-0.126582,0.898734,0.700000,-2.012658,0.386076,-0.656329,0.512658,1.356329,0.037975,-2.037975,0.924051,2.683544,272.00,308.00,79.00,79.00
IMG_0042.jpg,0.316456,1.012658,-0.911392,-2.050633,0.664557,-1.481013,0.348101,0.569620,0.278481,-1.911392,1.113924,2.101266,272.00,308.00,79.00,79.00
IMG_0043.jpg,0.265823,0.731646,-0.162025,-0.354430,0.498734,-0.258228,0.232911,0.096203,1.101266,0.265823,0.025316,-0.151899,272.00,308.00,79.00,79.00
IMG_0044.jpg,0.189873,1.151899,-0.518987,-2.189873,0.670886,-1.354430,0.481013,0.835443,0.367089,-2.037975,0.974684,2.291139,272.00,308.00,79.00,79.00
IMG_0045.jpg,0.139241,1.063291,-0.177215,-1.493671,0.601266,-0.835443,0.462025,0.658228,-0.050633,-1.556962,1.240506,1.468354,272.00,308.00,79.00,79.00
IMG_0046.jpg,-0.215190,1.506329,1.481013,-2.746835,0.645570,-0.632911,0.860759,2.113924,0.924051,-2.759494,0.430380,3.037975,272.00,308.00,79.00,79.00
IMG_0047.jpg,0.113924,0.962025,-0.253165,-2.088608,0.537975,-1.170886,0.424051,0.917722,0.329114,-1.911392,0.873418,2.367089,272.00,308.00,79.00,79.00
IMG_0048.jpg,-0.075949,1.055696,0.251899,-1.708861,0.489873,-0.728481,0.565823,0.980380,0.088608,-1.658228,1.000000,1.873418,272.00,308.00,79.00,79.00
IMG_0049.jpg,0.177215,1.025316,-0.443038,-2.341772,0.601266,-1.392405,0.424051,0.949367,0.265823,-2.164557,1.088608,2.291139,272.00,308.00,79.00,79.00
IMG_0050.jpg,0.372152,0.759494,nan,nan,0.565823,nan,0.193671,nan,0.670886,-0.151899,0.607595,0.379747,272.00,308.00,79.00,79.00
IMG_0051.jpg,-1.878481,-0.227848,2.721519,0.512658,-1.053165,1.617089,0.825316,1.104430,-1.316456,-2.291139,-0.632911,2.708861,272.00,308.00,79.00,79.00
IMG_0052.jpg,0.392405,0.734177,nan,nan,0.563291,nan,0.170886,nan,0.645570,-0.151899,0.569620,0.354430,272.00,308.00,79.00,79.00
IMG_0053.jpg,0.012658,1.126582,0.101266,-1.936709,0.569620,-0.917722,0.556962,1.018987,0.265823,-1.734177,1.151899,2.177215,272.00,308.00,79.00,79.00
IMG_0054.jpg,-0.417722,0.987342,0.767089,-1.379747,0.284810,-0.306329,0.702532,1.073418,0.177215,-1.227848,0.746835,1.746835,272.00,308.00,79.00,79.00
IMG_0055.jpg,0.063291,0.746835,-0.037975,-1.721519,0.405063,-0.879747,0.341772,0.841772,-0.063291,-1.835443,1.063291,2.291139,272.00,308.00,79.00,79.00
IMG_0056.jpg,-0.240506,1.518987,0.417722,-1.632911,0.639241,-0.607595,0.879747,1.025316,0.582278,-1.101266,1.772152,2.683544,272.00,308.00,79.00,79.00
IMG_0057.jpg,0.037975,1.075949,0.008861,-1.734177,0.556962,-0.862658,0.518987,0.871519,0.177215,-1.582278,1.063291,1.810127,272.00,308.00,79.00,79.00
IMG_0058.jpg,-0.540506,1.278481,1.936709,-2.602532,0.368987,-0.332911,0.909494,2.269620,0.367089,-2.620253,0.481013,3.113924,272.00,308.00,79.00,79.00
IMG_0059.jpg,-1.151899,-0.177215,0.582278,0.211392,-0.664557,0.396835,0.487342,0.185443,-0.708861,-1.050633,-0.708861,0.544304,272.00,308.00,79.00,79.00
IMG_0060.jpg,-1.000000,-0.430380,1.253165,0.544304,-0.715190,0.898734,0.284810,0.354430,-1.177215,-1.936709,-0.455696,1.177215,272.00,308.00,79.00,79.00
IMG_0061.jpg,-0.354430,0.240506,0.848101,-0.670886,-0.056962,0.088608,0.297468,0.759494,-0.227848,-0.987342,0.189873,1.101266,272.00,308.00,79.00,79.00
IMG_0062.jpg,0.493671,1.101266,-1.215190,-1.746835,0.797468,-1.481013,0.303797,0.265823,0.367089,-1.670886,1.253165,2.037975,272.00,308.00,79.00,79.00
IMG_0063.jpg,0.278481,1.291139,-0.821519,-2.265823,0.784810,-1.543671,0.506329,0.722152,0.582278,-1.974684,1.151899,2.620253,272.00,308.00,79.00,79.00
IMG_0064.jpg,0.405063,1.278481,-1.075949,-1.962025,0.841772,-1.518987,0.436709,0.443038,0.898734,-1.924051,0.949367,1.759494,272.00,308.00,79.00,79.00
IMG_0065.jpg,0.050633,1.262025,-0.025316,-1.632911,0.656329,-0.829114,0.605696,0.803797,0.341772,-1.392405,1.405063,2.177215,272.00,308.00,79.00,79.00
IMG_0066.jpg,-1.481013,-0.974684,2.405063,1.673418,-1.227848,2.039241,0.253165,0.365823,2.101266,2.405063,-0.291139,2.455696,272.00,308.00,79.00,79.00
IMG_0067.jpg,0.164557,0.721519,-0.050633,-0.379747,0.443038,-0.215190,0.278481,0.164557,0.949367,-0.379747,0.367089,1.101266,272.00,308.00,79.00,79.00
IMG_0068.jpg,0.189873,0.810127,-0.354430,-1.949367,0.500000,-1.151899,0.310127,0.797468,0.088608,-1.911392,1.582278,2.430380,272.00,308.00,79.00,79.00
IMG_0069.jpg,-0.073418,1.303797,0.418987,-2.113924,0.615190,-0.847468,0.688608,1.266456,0.518987,-2.000000,0.924051,2.291139,272.00,308.00,79.00,79.00
IMG_0070.jpg,-0.139241,1.139241,1.443038,-0.392405,0.500000,0.525316,0.639241,0.917722,0.708861,-2.531646,0.430380,3.202532,272.00,308.00,79.00,79.00
IMG_0071.jpg,-0.088608,0.797468,1.030380,-2.189873,0.354430,-0.579747,0.443038,1.610127,0.278481,-2.063291,0.556962,2.696203,272.00,308.00,79.00,79.00
IMG_0072.jpg,0.075949,0.873418,-0.075949,-2.316456,0.474684,-1.196203,0.398734,1.120253,0.063291,-2.291139,1.075949,2.683544,272.00,308.00,79.00,79.00
IMG_0073.jpg,-0.865823,0.911392,0.569620,-0.569620,0.022785,0.000000,0.888608,0.569620,2.405063,1.025316,-1.594937,-0.493671,272.00,308.00,79.00,79.00
IMG_0074.jpg,0.012658,1.101266,0.164557,-1.126582,0.556962,-0.481013,0.544304,0.645570,2.658228,0.860759,0.962025,2.291139,272.00,308.00,79.00,79.00
IMG_0075.jpg,0.215190,0.822785,-0.784810,-1.721519,0.518987,-1.253165,0.303797,0.468354,0.354430,-1.594937,0.759494,2.050633,272.00,308.00,79.00,79.00
IMG_0076.jpg,-0.949367,1.493671,1.202532,-1.696203,0.272152,-0.246835,1.221519,1.449367,0.316456,-1.379747,1.012658,2.278481,272.00,308.00,79.00,79.00
IMG_0077.jpg,0.240506,0.607595,-0.379747,-0.493671,0.424051,-0.436709,0.183544,0.056962,0.493671,-0.367089,0.481013,0.759494,272.00,308.00,79.00,79.00
IMG_0078.jpg,-0.037975,1.202532,0.594937,-2.607595,0.582278,-1.006329,0.620253,1.601266,0.683544,-2.594937,0.556962,2.949367,272.00,308.00,79.00,79.00
IMG_0079.jpg,-0.075949,1.037975,0.177215,-1.405063,0.481013,-0.613924,0.556962,0.791139,0.164557,-1.253165,1.189873,1.721519,272.00,308.00,79.00,79.00
IMG_0080.jpg,-0.556962,1.645570,0.556962,-1.531646,0.544304,-0.487342,1.101266,1.044304,3.291139,1.582278,-2.291139,-1.696203,272.00,308.00,79.00,79.00
IMG_0081.jpg,-1.367089,-0.367089,0.556962,0.373418,-0.867089,0.465190,0.500000,0.091772,0.291139,0.531646,-2.113924,-0.455696,272.00,308.00,79.00,79.00
IMG_0082.jpg,-1.025316,-0.696203,0.898734,0.835443,-0.860759,0.867089,0.164557,0.031646,-1.063291,-0.962025,-0.683544,0.746835,272.00,308.00,79.00,79.00
IMG_0083.jpg,-1.139241,-0.481013,1.075949,0.924051,-0.810127,1.000000,0.329114,0.075949,-0.873418,-1.050633,-0.708861,0.987342,272.00,308.00,79.00,79.00
IMG_0084.jpg,0.227848,0.848101,-0.531646,-1.759494,0.537975,-1.145570,0.310127,0.613924,0.063291,-1.721519,1.202532,2.000000,272.00,308.00,79.00,79.00
IMG_0085.jpg,0.126582,0.734177,-0.303797,-1.924051,0.430380,-1.113924,0.303797,0.810127,0.227848,-1.797468,0.746835,2.354430,272.00,308.00,79.00,79.00
IMG_0086.jpg,0.151899,0.708861,-0.379747,-1.812658,0.430380,-1.096203,0.278481,0.716456,0.063291,-1.784810,0.949367,2.113924,272.00,308.00,79.00,79.00
IMG_0087.jpg,0.151899,0.974684,-0.240506,-1.620253,0.563291,-0.930380,0.411392,0.689873,0.177215,-1.455696,1.265823,1.974684,272.00,308.00,79.00,79.00
IMG_0088.jpg,0.227848,0.974684,-0.772152,-2.011392,0.601266,-1.391772,0.373418,0.619620,0.430380,-1.835443,0.924051,2.265823,272.00,308.00,79.00,79.00
IMG_0089.jpg,-0.063291,0.911392,0.202532,-1.468354,0.424051,-0.632911,0.487342,0.835443,0.050633,-1.430380,1.215190,2.025316,272.00,308.00,79.00,79.00
IMG_0090.jpg,0.164557,0.658228,-0.006329,-0.082278,0.411392,-0.044304,0.246835,0.037975,1.050633,0.202532,0.139241,0.050633,272.00,308.00,79.00,79.00
IMG_0091.jpg,-0.037975,0.911392,0.392405,-2.126582,0.436709,-0.867089,0.474684,1.259494,0.240506,-1.962025,0.886076,2.481013,272.00,308.00,79.00,79.00
IMG_0092.jpg,0.202532,1.113924,-0.612658,-2.227848,0.658228,-1.420253,0.455696,0.807595,0.443038,-2.012658,1.025316,2.455696,272.00,308.00,79.00,79.00
IMG_0093.jpg,-0.025316,1.139241,0.250633,-2.139241,0.556962,-0.944304,0.582278,1.194937,0.240506,-1.962025,1.075949,2.455696,272.00,308.00,79.00,79.00
IMG_0094.jpg,0.189873,0.708861,-1.012658,-2.303797,0.449367,-1.658228,0.259494,0.645570,0.291139,-2.240506,0.632911,2.367089,272.00,308.00,79.00,79.00
IMG_0095.jpg,-0.240506,0.367089,1.548101,-0.759494,0.063291,0.394304,0.303797,1.153797,0.000000,-0.835443,0.278481,2.721519,272.00,308.00,79.00,79.00
IMG_0096.jpg,-0.097468,0.886076,0.658228,-1.341772,0.394304,-0.341772,0.491772,1.000000,0.341772,-1.151899,0.759494,2.607595,272.00,308.00,79.00,79.00
IMG_0097.jpg,0.227848,1.012658,-0.493671,-1.698734,0.620253,-1.096203,0.392405,0.602532,0.341772,-1.468354,1.126582,1.924051,272.00,308.00,79.00,79.00
IMG_0098.jpg,0.037975,0.924051,0.088608,-1.962025,0.481013,-0.936709,0.443038,1.025316,0.215190,-1.810127,0.987342,2.430380,272.00,308.00,79.00,79.00
IMG_0099.jpg,0.037975,1.087342,0.034177,-2.810127,0.562658,-1.387975,0.524684,1.422152,0.012658,-2.835443,1.265823,3.113924,272.00,308.00,79.00,79.00
IMG_0100.jpg,-0.215190,1.177215,0.217722,-1.088608,0.481013,-0.435443,0.696203,0.653165,2.873418,1.531646,-1.683544,-1.341772,272.00,308.00,79.00,79.00
IMG_0101.jpg,0.012658,1.215190,0.075949,-1.974684,0.613924,-0.949367,0.601266,1.025316,0.316456,-1.708861,1.063291,1.784810,272.00,308.00,79.00,79.00
IMG_0102.jpg,0.143038,1.025316,-0.227848,-1.784810,0.584177,-1.006329,0.441139,0.778481,0.113924,-1.683544,1.443038,2.341772,272.00,308.00,79.00,79.00
IMG_0103.jpg,-0.050633,1.145570,0.620253,-2.683544,0.547468,-1.031646,0.598101,1.651899,0.544304,-2.670886,0.556962,2.949367,272.00,308.00,79.00,79.00
IMG_0104.jpg,-0.265823,0.886076,0.215190,-0.696203,0.310127,-0.240506,0.575949,0.455696,2.949367,1.569620,-1.848101,-1.227848,272.00,308.00,79.00,79.00
IMG_0105.jpg,0.164557,1.088608,-0.351899,-2.268354,0.626582,-1.310127,0.462025,0.958228,0.291139,-2.075949,1.164557,2.455696,272.00,308.00,79.00,79.00
IMG_0106.jpg,0.392405,0.772152,nan,nan,0.582278,nan,0.189873,nan,0.670886,-0.215190,0.658228,0.493671,272.00,308.00,79.00,79.00
IMG_0107.jpg,0.063291,0.974684,0.050633,-2.215190,0.518987,-1.082278,0.455696,1.132911,0.443038,-2.037975,0.721519,2.620253,272.00,308.00,79.00,79.00
IMG_0108.jpg,-0.012658,0.683544,0.002532,-0.417722,0.335443,-0.207595,0.348101,0.210127,1.341772,0.582278,-0.189873,-0.164557,272.00,308.00,79.00,79.00
IMG_0109.jpg,0.101266,0.974684,-0.139241,-2.272152,0.537975,-1.205696,0.436709,1.066456,0.518987,-2.253165,1.354430,2.531646,272.00,308.00,79.00,79.00
IMG_0110.jpg,0.430380,0.594937,nan,nan,0.512658,nan,0.082278,nan,0.506329,-0.177215,0.632911,0.531646,272.00,308.00,79.00,79.00
IMG_0111.jpg,-0.658228,1.126582,0.481013,-0.810127,0.234177,-0.164557,0.892405,0.645570,3.101266,1.455696,-2.025316,-0.949367,272.00,308.00,79.00,79.00
IMG_0112.jpg,0.227848,0.891139,-0.645570,-2.126582,0.559494,-1.386076,0.331646,0.740506,0.164557,-2.012658,1.075949,2.265823,272.00,308.00,79.00,79.00
IMG_0113.jpg,-0.582278,1.506329,1.265823,-1.265823,0.462025,0.000000,1.044304,1.265823,2.949367,1.291139,0.886076,2.481013,272.00,308.00,79.00,79.00
IMG_0114.jpg,-0.075949,1.279747,0.569620,-2.683544,0.601899,-1.056962,0.677848,1.626582,0.506329,-2.658228,0.810127,2.949367,272.00,308.00,79.00,79.00
IMG_0115.jpg,0.265823,1.139241,-0.594937,-2.101266,0.702532,-1.348101,0.436709,0.753165,0.303797,-1.886076,1.240506,2.000000,272.00,308.00,79.00,79.00
IMG_0116.jpg,0.379747,0.617722,nan,nan,0.498734,nan,0.118987,nan,0.582278,-0.088608,0.531646,0.379747,272.00,308.00,79.00,79.00
IMG_0117.jpg,0.000000,1.278481,0.063291,-1.632911,0.639241,-0.784810,0.639241,0.848101,0.379747,-1.265823,1.113924,1.556962,272.00,308.00,79.00,79.00
IMG_0118.jpg,-0.126582,1.075949,0.797468,-2.227848,0.474684,-0.715190,0.601266,1.512658,0.379747,-2.012658,0.658228,2.379747,272.00,308.00,79.00,79.00
IMG_0119.jpg,0.202532,0.949367,-0.594937,-2.215190,0.575949,-1.405063,0.373418,0.810127,0.278481,-2.151899,0.962025,2.202532,272.00,308.00,79.00,79.00
IMG_0120.jpg,-0.468354,1.455696,2.177215,1.455696,0.493671,1.816456,0.962025,0.360759,0.632911,-2.772152,0.367089,3.037975,272.00,308.00,79.00,79.00
IMG_0121.jpg,0.936709,1.911392,-1.336709,-2.081013,1.424051,-1.708861,0.487342,0.372152,0.506329,-2.037975,-1.670886,-2.050633,272.00,308.00,79.00,79.00
IMG_0122.jpg,0.278481,0.860759,-1.569620,-2.227848,0.569620,-1.898734,0.291139,0.329114,-0.126582,-2.367089,0.797468,2.620253,272.00,308.00,79.00,79.00
IMG_0123.jpg,0.202532,0.810127,-0.645570,-1.924051,0.506329,-1.284810,0.303797,0.639241,0.265823,-1.746835,0.911392,2.278481,272.00,308.00,79.00,79.00
IMG_0124.jpg,-0.379747,1.088608,0.531646,-1.227848,0.354430,-0.348101,0.734177,0.879747,0.354430,-0.898734,0.873418,1.518987,272.00,308.00,79.00,79.00
IMG_0125.jpg,-0.379747,0.860759,0.316456,-0.683544,0.240506,-0.183544,0.620253,0.500000,2.784810,1.493671,-1.810127,-1.063291,272.00,308.00,79.00,79.00
IMG_0126.jpg,-0.189873,0.974684,0.443038,-1.379747,0.392405,-0.468354,0.582278,0.911392,0.189873,-1.227848,0.911392,1.759494,272.00,308.00,79.00,79.00
IMG_0127.jpg,nan,nan,nan,nan,nan,nan,nan,nan,0.303797,0.949367,-2.506329,-1.696203,272.00,308.00,79.00,79.00
IMG_0128.jpg,nan,nan,nan,nan,nan,nan,nan,nan,-0.481013,0.860759,-1.000000,0.734177,272.00,308.00,79.00,79.00
IMG_0129.jpg,nan,nan,nan,nan,nan,nan,nan,nan,0.379747,0.949367,-2.594937,-1.696203,272.00,308.00,79.00,79.00
IMG_0130.jpg,-0.139241,0.556962,1.012658,-2.544304,0.208861,-0.765823,0.348101,1.778481,-0.215190,-2.924051,0.481013,2.113924,272.00,308.00,79.00,79.00
IMG_0131.jpg,0.050633,0.316456,-0.088608,-1.291139,0.183544,-0.689873,0.132911,0.601266,-0.025316,-1.392405,0.202532,0.253165,272.00,308.00,79.00,79.00
IMG_0132.jpg,-0.582278,0.860759,1.227848,-2.481013,0.139241,-0.626582,0.721519,1.854430,0.037975,-2.443038,-0.063291,1.189873,272.00,308.00,79.00,79.00
IMG_0133.jpg,-2.025316,0.227848,2.050633,-0.215190,-0.898734,0.917722,1.126582,1.132911,2.696203,2.012658,-0.126582,1.974684,272.00,308.00,79.00,79.00
IMG_0134.jpg,-0.430380,0.620253,1.430380,-1.556962,0.094937,-0.063291,0.525316,1.493671,-0.164557,-1.822785,0.240506,1.746835,272.00,308.00,79.00,79.00
IMG_0135.jpg,0.196203,0.341772,-0.227848,-0.724051,0.268987,-0.475949,0.072785,0.248101,0.025316,-0.734177,-0.012658,-0.189873,272.00,308.00,79.00,79.00
IMG_0136.jpg,-0.189873,0.658228,0.417722,-1.329114,0.234177,-0.455696,0.424051,0.873418,-0.645570,-2.265823,0.886076,1.544304,272.00,308.00,79.00,79.00
IMG_0137.jpg,0.139241,0.367089,-0.240506,-0.898734,0.253165,-0.569620,0.113924,0.329114,-0.075949,-1.012658,0.126582,-0.063291,272.00,308.00,79.00,79.00
IMG_0138.jpg,0.101266,0.949367,-0.113924,-1.037975,0.525316,-0.575949,0.424051,0.462025,2.455696,1.164557,-2.443038,-2.303797,272.00,308.00,79.00,79.00
IMG_0139.jpg,-0.430380,0.645570,1.139241,-1.860759,0.107595,-0.360759,0.537975,1.500000,-0.227848,-2.240506,0.354430,1.620253,272.00,308.00,79.00,79.00
IMG_0140.jpg,-0.126582,1.265823,0.164557,-1.822785,0.569620,-0.829114,0.696203,0.993671,-0.164557,-2.025316,0.670886,0.936709,272.00,308.00,79.00,79.00
IMG_0141.jpg,-0.293671,0.936709,0.253165,-1.810127,0.321519,-0.778481,0.615190,1.031646,2.063291,0.113924,-2.075949,-1.063291,272.00,308.00,79.00,79.00
IMG_0142.jpg,-0.198734,0.848101,1.063291,0.531646,0.324684,0.797468,0.523418,0.265823,-0.227848,-3.265823,0.670886,2.367089,272.00,308.00,79.00,79.00
IMG_0143.jpg,-0.582278,1.202532,1.164557,-2.544304,0.310127,-0.689873,0.892405,1.854430,0.189873,-2.417722,0.101266,1.265823,272.00,308.00,79.00,79.00
IMG_0144.jpg,-0.518987,0.544304,1.227848,-1.632911,0.012658,-0.202532,0.531646,1.430380,-0.481013,-2.430380,0.354430,1.645570,272.00,308.00,79.00,79.00
IMG_0145.jpg,0.129114,0.354430,-0.227848,-0.873418,0.241772,-0.550633,0.112658,0.322785,-0.037975,-0.962025,0.063291,-0.113924,272.00,308.00,79.00,79.00
IMG_0146.jpg,-0.215190,0.987342,0.329114,-1.417722,0.386076,-0.544304,0.601266,0.873418,-0.544304,-2.037975,0.873418,1.341772,272.00,308.00,79.00,79.00
IMG_0147.jpg,-0.493671,0.658228,1.240506,-2.000000,0.082278,-0.379747,0.575949,1.620253,-0.455696,-2.696203,0.329114,1.670886,272.00,308.00,79.00,79.00
IMG_0148.jpg,-0.139241,0.468354,1.177215,-2.645570,0.164557,-0.734177,0.303797,1.911392,0.037975,-2.683544,0.253165,1.632911,272.00,308.00,79.00,79.00
IMG_0149.jpg,-0.505063,2.924051,0.101266,-1.468354,1.209494,-0.683544,1.714557,0.784810,2.911392,-0.430380,-2.924051,-0.911392,272.00,308.00,79.00,79.00
IMG_0150.jpg,-0.139241,0.506329,0.632911,-2.012658,0.183544,-0.689873,0.322785,1.322785,-0.215190,-2.367089,0.354430,1.265823,272.00,308.00,79.00,79.00
IMG_0151.jpg,-0.481013,0.860759,0.582278,-1.151899,0.189873,-0.284810,0.670886,0.867089,-0.417722,-1.632911,0.341772,0.936709,272.00,308.00,79.00,79.00
IMG_0152.jpg,-0.911392,-0.822785,1.848101,-2.568354,-0.867089,-0.360127,0.044304,2.208228,-0.481013,-3.329114,0.405063,2.291139,272.00,308.00,79.00,79.00
IMG_0153.jpg,-0.189873,0.607595,0.658228,-1.810127,0.208861,-0.575949,0.398734,1.234177,-0.569620,-2.772152,0.759494,1.924051,272.00,308.00,79.00,79.00
IMG_0154.jpg,0.151899,0.582278,-0.202532,-0.759494,0.367089,-0.481013,0.215190,0.278481,-0.012658,-0.822785,0.000000,-0.139241,272.00,308.00,79.00,79.00
IMG_0155.jpg,0.000000,1.996203,-0.025316,-1.303797,0.998101,-0.664557,0.998101,0.639241,2.367089,0.265823,-2.202532,-1.468354,272.00,308.00,79.00,79.00
IMG_0156.jpg,-0.405063,0.911392,0.746835,-2.569620,0.253165,-0.911392,0.658228,1.658228,-0.037975,-2.620253,0.177215,0.936709,272.00,308.00,79.00,79.00
IMG_0157.jpg,-0.088608,0.658228,0.367089,-2.139241,0.284810,-0.886076,0.373418,1.253165,-0.379747,-2.772152,0.658228,1.645570,272.00,308.00,79.00,79.00
IMG_0158.jpg,-0.227848,0.620253,1.379747,-2.860759,0.196203,-0.740506,0.424051,2.120253,-0.101266,-3.025316,0.278481,1.936709,272.00,308.00,79.00,79.00
IMG_0159.jpg,nan,nan,-0.316456,-0.721519,nan,-0.518987,nan,0.202532,0.050633,-0.708861,0.063291,-0.227848,272.00,308.00,79.00,79.00
IMG_0160.jpg,-0.164557,0.670886,0.316456,-1.316456,0.253165,-0.500000,0.417722,0.816456,-0.481013,-2.012658,0.443038,0.924051,272.00,308.00,79.00,79.00
IMG_0161.jpg,-0.408861,1.303797,0.443038,-1.556962,0.447468,-0.556962,0.856329,1.000000,-0.151899,-1.721519,-0.113924,0.354430,272.00,308.00,79.00,79.00
IMG_0162.jpg,-0.607595,1.063291,1.405063,-2.493671,0.227848,-0.544304,0.835443,1.949367,0.025316,-2.468354,0.240506,1.670886,272.00,308.00,79.00,79.00
IMG_0163.jpg,-0.405063,-0.379747,1.962025,-3.367089,-0.392405,-0.702532,0.012658,2.664557,0.075949,-3.379747,0.189873,2.367089,272.00,308.00,79.00,79.00
IMG_0164.jpg,-0.113924,0.443038,0.518987,-2.632911,0.164557,-1.056962,0.278481,1.575949,-0.139241,-2.924051,0.810127,1.898734,272.00,308.00,79.00,79.00
IMG_0165.jpg,0.063291,1.177215,-0.063291,-1.126582,0.620253,-0.594937,0.556962,0.531646,2.291139,0.898734,-2.189873,-1.848101,272.00,308.00,79.00,79.00
IMG_0166.jpg,-2.316456,-2.240506,nan,nan,-2.278481,nan,0.037975,nan,1.784810,-2.746835,-2.037975,0.974684,272.00,308.00,79.00,79.00
IMG_0167.jpg,-0.278481,0.664557,1.262025,-2.426582,0.193038,-0.582278,0.471519,1.844304,0.025316,-2.443038,0.240506,1.620253,272.00,308.00,79.00,79.00
IMG_0168.jpg,-0.417722,0.468354,1.101266,-2.468354,0.025316,-0.683544,0.443038,1.784810,-0.215190,-2.848101,0.088608,1.227848,272.00,308.00,79.00,79.00
IMG_0169.jpg,-0.329114,1.151899,0.632911,-2.101266,0.411392,-0.734177,0.740506,1.367089,0.088608,-2.037975,0.316456,1.012658,272.00,308.00,79.00,79.00
IMG_0170.jpg,nan,nan,-0.392405,-0.746835,nan,-0.569620,nan,0.177215,0.025316,-0.759494,0.101266,-0.278481,272.00,308.00,79.00,79.00
IMG_0171.jpg,-0.354430,0.911392,0.911392,-2.329114,0.278481,-0.708861,0.632911,1.620253,-0.063291,-2.417722,0.240506,1.215190,272.00,308.00,79.00,79.00
IMG_0172.jpg,-0.518987,1.493671,0.808861,-2.417722,0.487342,-0.804430,1.006329,1.613291,0.063291,-2.367089,0.265823,1.101266,272.00,308.00,79.00,79.00
IMG_0173.jpg,-0.177215,0.721519,0.303797,-1.164557,0.272152,-0.430380,0.449367,0.734177,-0.886076,-2.291139,0.518987,0.962025,272.00,308.00,79.00,79.00
IMG_0174.jpg,-0.405063,0.658228,0.632911,-1.189873,0.126582,-0.278481,0.531646,0.911392,-0.582278,-2.012658,0.544304,1.265823,272.00,308.00,79.00,79.00
IMG_0175.jpg,-0.151899,0.658228,0.367089,-1.481013,0.253165,-0.556962,0.405063,0.924051,-0.556962,-2.278481,0.645570,1.265823,272.00,308.00,79.00,79.00
IMG_0176.jpg,-0.303797,0.683544,0.455696,-1.569620,0.189873,-0.556962,0.493671,1.012658,-0.367089,-2.113924,-2.291139,-1.468354,272.00,308.00,79.00,79.00
IMG_0177.jpg,-0.367089,1.367089,0.430380,-1.569620,0.500000,-0.569620,0.867089,1.000000,0.189873,-1.405063,0.329114,0.759494,272.00,308.00,79.00,79.00
IMG_0178.jpg,-0.316456,0.860759,0.430380,-1.227848,0.272152,-0.398734,0.588608,0.829114,-0.493671,-1.835443,0.443038,0.936709,272.00,308.00,79.00,79.00
IMG_0179.jpg,-0.101266,0.734177,0.278481,-1.253165,0.316456,-0.487342,0.417722,0.765823,-0.569620,-2.012658,0.886076,1.645570,272.00,308.00,79.00,79.00
IMG_0180.jpg,0.873418,1.620253,-2.822785,-2.848101,1.246835,-2.835443,0.373418,0.012658,1.088608,-2.822785,1.253165,1.772152,272.00,308.00,79.00,79.00
IMG_0181.jpg,-0.341772,0.810127,1.215190,-2.734177,0.234177,-0.759494,0.575949,1.974684,0.012658,-2.746835,0.303797,1.645570,272.00,308.00,79.00,79.00
IMG_0182.jpg,-0.962025,0.974684,-0.877215,-1.341772,0.006329,-1.109494,0.968354,0.232278,-0.645570,-2.772152,-1.126582,-0.113924,272.00,308.00,79.00,79.00
IMG_0183.jpg,-0.493671,0.911392,1.303797,-2.468354,0.208861,-0.582278,0.702532,1.886076,-0.215190,-2.746835,0.265823,1.645570,272.00,308.00,79.00,79.00
IMG_0184.jpg,0.265823,0.924051,-0.443038,-1.797468,0.594937,-1.120253,0.329114,0.677215,-0.392405,-2.341772,0.949367,0.924051,272.00,308.00,79.00,79.00
IMG_0185.jpg,-0.215190,0.911392,0.582278,-2.556962,0.348101,-0.987342,0.563291,1.569620,-0.139241,-2.759494,0.316456,1.012658,272.00,308.00,79.00,79.00
IMG_0186.jpg,-0.379747,1.113924,0.911392,-2.481013,0.367089,-0.784810,0.746835,1.696203,-0.164557,-2.696203,0.405063,1.468354,272.00,308.00,79.00,79.00
IMG_0187.jpg,nan,nan,-0.607595,-0.848101,nan,-0.727848,nan,0.120253,0.430380,-0.493671,-0.253165,-0.810127,272.00,308.00,79.00,79.00
IMG_0188.jpg,-0.113924,1.189873,0.151899,-1.807595,0.537975,-0.827848,0.651899,0.979747,-0.316456,-2.189873,0.531646,0.734177,272.00,308.00,79.00,79.00
IMG_0189.jpg,-0.012658,0.569620,0.063291,-2.227848,0.278481,-1.082278,0.291139,1.145570,-0.468354,-3.303797,1.063291,1.810127,272.00,308.00,79.00,79.00
IMG_0190.jpg,1.972152,2.721519,-1.405063,-3.418987,2.346835,-2.412025,0.374684,1.006962,0.278481,-3.367089,-2.632911,-3.316456,272.00,308.00,79.00,79.00
IMG_0191.jpg,0.278481,1.202532,-0.379747,-1.784810,0.740506,-1.082278,0.462025,0.702532,-0.392405,-2.253165,0.949367,0.822785,272.00,308.00,79.00,79.00
IMG_0192.jpg,0.037975,1.202532,-0.050633,-2.525316,0.620253,-1.287975,0.582278,1.237342,-0.392405,-3.113924,1.063291,1.227848,272.00,308.00,79.00,79.00
IMG_0193.jpg,0.037975,0.797468,0.063291,-3.050633,0.417722,-1.493671,0.379747,1.556962,0.329114,-3.101266,1.126582,1.810127,272.00,308.00,79.00,79.00
IMG_0194.jpg,-0.151899,0.493671,1.240506,-2.278481,0.170886,-0.518987,0.322785,1.759494,-0.037975,-2.455696,0.278481,1.974684,272.00,308.00,79.00,79.00
IMG_0195.jpg,-0.202532,1.455696,0.253165,-1.772152,0.626582,-0.759494,0.829114,1.012658,-0.025316,-1.810127,0.481013,0.759494,272.00,308.00,79.00,79.00
IMG_0196.jpg,-0.012658,0.835443,0.189873,-2.202532,0.411392,-1.006329,0.424051,1.196203,-0.050633,-2.316456,0.658228,1.468354,272.00,308.00,79.00,79.00
IMG_0197.jpg,0.303797,0.569620,-0.670886,-0.954430,0.436709,-0.812658,0.132911,0.141772,0.139241,-0.924051,0.329114,0.012658,272.00,308.00,79.00,79.00
IMG_0198.jpg,-0.658228,1.291139,1.184810,-2.405063,0.316456,-0.610127,0.974684,1.794937,0.000000,-2.417722,0.063291,1.265823,272.00,308.00,79.00,79.00
IMG_0199.jpg,0.063291,0.924051,-0.075949,-1.987342,0.493671,-1.031646,0.430380,0.955696,-0.341772,-2.455696,0.974684,1.518987,272.00,308.00,79.00,79.00
IMG_0200.jpg,-0.189873,0.632911,0.905063,-2.379747,0.221519,-0.737342,0.411392,1.642405,-0.063291,-2.531646,0.379747,1.544304,272.00,308.00,79.00,79.00
IMG_0201.jpg,-0.354430,0.848101,1.417722,-2.810127,0.246835,-0.696203,0.601266,2.113924,-0.037975,-2.898734,0.265823,1.810127,272.00,308.00,79.00,79.00
IMG_0202.jpg,-0.012658,0.632911,0.139241,-1.746835,0.310127,-0.803797,0.322785,0.943038,-0.367089,-2.265823,0.658228,1.265823,272.00,308.00,79.00,79.00
IMG_0203.jpg,0.582278,0.987342,-0.329114,-0.620253,0.784810,-0.474684,0.202532,0.145570,0.797468,-0.278481,-0.455696,-0.531646,272.00,308.00,79.00,79.00
IMG_0204.jpg,-0.012658,0.670886,0.354430,-2.696203,0.329114,-1.170886,0.341772,1.525316,-0.050633,-2.860759,0.594937,1.873418,272.00,308.00,79.00,79.00
IMG_0205.jpg,-2.139241,-0.784810,2.012658,1.291139,-1.462025,1.651899,0.677215,0.360759,-2.278481,-2.949367,-1.088608,1.645570,272.00,308.00,79.00,79.00
IMG_0206.jpg,-0.240506,0.481013,1.341772,-2.518987,0.120253,-0.588608,0.360759,1.930380,-0.177215,-2.873418,0.367089,2.012658,272.00,308.00,79.00,79.00
IMG_0207.jpg,0.043038,0.658228,0.139241,-2.569620,0.350633,-1.215190,0.307595,1.354430,0.202532,-2.594937,0.455696,1.797468,272.00,308.00,79.00,79.00
IMG_0208.jpg,0.012658,0.696203,0.063291,-1.898734,0.354430,-0.917722,0.341772,0.981013,-0.468354,-2.620253,0.835443,1.468354,272.00,308.00,79.00,79.00
IMG_0209.jpg,0.417722,0.984810,-0.658228,-0.860759,0.701266,-0.759494,0.283544,0.101266,1.000000,-0.025316,0.240506,-0.164557,272.00,308.00,79.00,79.00
IMG_0210.jpg,-0.215190,1.012658,0.607595,-2.101266,0.398734,-0.746835,0.613924,1.354430,-0.050633,-2.177215,0.658228,1.556962,272.00,308.00,79.00,79.00
IMG_0211.jpg,0.164557,0.987342,-0.240506,-1.848101,0.575949,-1.044304,0.411392,0.803797,-0.341772,-2.291139,1.075949,1.430380,272.00,308.00,79.00,79.00
IMG_0212.jpg,nan,nan,-0.354430,-0.670886,nan,-0.512658,nan,0.158228,0.594937,-0.215190,-0.291139,-0.632911,272.00,308.00,79.00,79.00
IMG_0213.jpg,nan,nan,nan,nan,nan,nan,nan,nan,1.911392,-2.734177,2.227848,1.848101,272.00,308.00,79.00,79.00
IMG_0214.jpg,-0.088608,0.700000,0.453165,-1.911392,0.305696,-0.729114,0.394304,1.182278,-0.278481,-2.265823,0.594937,1.392405,272.00,308.00,79.00,79.00
IMG_0215.jpg,0.000000,0.962025,0.101266,-1.962025,0.481013,-0.930380,0.481013,1.031646,-0.316456,-2.367089,1.025316,1.683544,272.00,308.00,79.00,79.00
IMG_0216.jpg,-0.050633,0.481013,0.594937,-2.202532,0.215190,-0.803797,0.265823,1.398734,-0.151899,-2.443038,0.493671,1.620253,272.00,308.00,79.00,79.00
IMG_0217.jpg,0.177215,0.417722,-0.341772,-0.974684,0.297468,-0.658228,0.120253,0.316456,0.189873,-0.886076,0.202532,0.025316,272.00,308.00,79.00,79.00
IMG_0218.jpg,-0.265823,0.974684,0.632911,-0.860759,0.354430,-0.113924,0.620253,0.746835,2.569620,0.468354,-2.253165,-1.088608,272.00,308.00,79.00,79.00
IMG_0219.jpg,-0.531646,0.873418,1.417722,-2.202532,0.170886,-0.392405,0.702532,1.810127,-0.265823,-2.518987,0.443038,1.974684,272.00,308.00,79.00,79.00
IMG_0220.jpg,-0.012658,0.759494,0.063291,-1.291139,0.373418,-0.613924,0.386076,0.677215,-0.620253,-2.037975,1.025316,1.468354,272.00,308.00,79.00,79.00
IMG_0221.jpg,0.030380,1.227848,-0.012658,-1.835443,0.629114,-0.924051,0.598734,0.911392,-0.037975,-1.886076,0.886076,1.012658,272.00,308.00,79.00,79.00
IMG_0222.jpg,-0.291139,1.303797,0.294937,-1.936709,0.506329,-0.820886,0.797468,1.115823,-0.468354,-2.493671,0.012658,0.316456,272.00,308.00,79.00,79.00
IMG_0223.jpg,0.253165,0.544304,-0.392405,-0.878481,0.398734,-0.635443,0.145570,0.243038,0.202532,-0.797468,0.227848,-0.037975,272.00,308.00,79.00,79.00
IMG_0224.jpg,-0.341772,1.126582,1.177215,-2.531646,0.392405,-0.677215,0.734177,1.854430,0.177215,-2.417722,0.455696,1.810127,272.00,308.00,79.00,79.00
IMG_0225.jpg,-0.215190,0.493671,1.101266,-2.126582,0.139241,-0.512658,0.354430,1.613924,-0.050633,-2.227848,0.278481,1.518987,272.00,308.00,79.00,79.00
IMG_0226.jpg,0.265823,0.645570,-0.354430,-0.949367,0.455696,-0.651899,0.189873,0.297468,0.025316,-0.962025,0.329114,0.075949,272.00,308.00,79.00,79.00
IMG_0227.jpg,0.012658,0.810127,0.075949,-2.265823,0.411392,-1.094937,0.398734,1.170886,-0.164557,-2.493671,0.797468,1.556962,272.00,308.00,79.00,79.00
IMG_0228.jpg,-0.569620,1.281013,1.265823,-2.974684,0.355696,-0.854430,0.925316,2.120253,0.189873,-2.848101,0.075949,1.341772,272.00,308.00,79.00,79.00
IMG_0229.jpg,-0.381013,1.291139,0.911392,-2.810127,0.455063,-0.949367,0.836076,1.860759,-0.050633,-2.873418,0.493671,1.518987,272.00,308.00,79.00,79.00
IMG_0230.jpg,-1.683544,0.037975,1.253165,-0.037975,-0.822785,0.607595,0.860759,0.645570,-2.544304,-3.531646,-2.025316,-0.316456,272.00,308.00,79.00,79.00
IMG_0231.jpg,nan,nan,nan,nan,nan,nan,nan,nan,-1.531646,-3.455696,-1.303797,1.708861,272.00,308.00,79.00,79.00
IMG_0232.jpg,-0.392405,0.970886,0.848101,-2.670886,0.289241,-0.911392,0.681646,1.759494,-0.063291,-2.759494,0.177215,1.050633,272.00,308.00,79.00,79.00
IMG_0233.jpg,-0.634177,2.354430,0.848101,-2.867089,0.860127,-1.009494,1.494304,1.857595,-0.025316,-2.873418,1.050633,1.886076,272.00,308.00,79.00,79.00
IMG_0234.jpg,0.716456,0.784810,0.734177,-2.151899,0.750633,-0.708861,0.034177,1.443038,-0.835443,-3.291139,0.341772,1.544304,272.00,308.00,79.00,79.00
IMG_0235.jpg,-0.088608,0.848101,0.372152,-2.620253,0.379747,-1.124051,0.468354,1.496203,-0.227848,-2.974684,0.405063,1.063291,272.00,308.00,79.00,79.00
IMG_0236.jpg,-1.835443,0.177215,1.468354,-0.231646,-0.829114,0.618354,1.006329,0.850000,-2.405063,-3.354430,-1.265823,0.632911,272.00,308.00,79.00,79.00
IMG_0237.jpg,0.101266,2.291139,-0.126582,-2.450633,1.196203,-1.288608,1.094937,1.162025,-0.379747,-2.924051,-2.227848,-1.481013,272.00,308.00,79.00,79.00
IMG_0238.jpg,0.000000,0.506329,0.455696,-3.054430,0.253165,-1.299367,0.253165,1.755063,-0.050633,-3.126582,0.443038,1.240506,272.00,308.00,79.00,79.00
IMG_0239.jpg,0.721519,2.405063,-0.430380,-1.430380,1.563291,-0.930380,0.841772,0.500000,2.417722,-0.037975,-2.253165,-1.772152,272.00,308.00,79.00,79.00
IMG_0240.jpg,nan,nan,0.898734,-2.935443,nan,-1.018354,nan,1.917089,-0.316456,-3.405063,0.392405,1.746835,272.00,308.00,79.00,79.00
IMG_0241.jpg,0.164557,0.911392,-0.215190,-1.556962,0.537975,-0.886076,0.373418,0.670886,-0.721519,-2.518987,1.000000,1.088608,272.00,308.00,79.00,79.00
IMG_0242.jpg,-0.430380,-0.379747,1.278481,0.886076,-0.405063,1.082278,0.025316,0.196203,-1.531646,-2.974684,0.531646,2.000000,272.00,308.00,79.00,79.00
IMG_0243.jpg,-0.088608,0.645570,0.392405,-2.012658,0.278481,-0.810127,0.367089,1.202532,-0.556962,-2.873418,0.556962,1.227848,272.00,308.00,79.00,79.00
IMG_0244.jpg,-0.544304,0.987342,1.544304,1.240506,0.221519,1.392405,0.765823,0.151899,-0.025316,-2.582278,0.367089,2.037975,272.00,308.00,79.00,79.00
IMG_0245.jpg,-1.481013,-0.278481,0.884810,0.570886,-0.879747,0.727848,0.601266,0.156962,-0.873418,-3.278481,-0.987342,0.924051,272.00,308.00,79.00,79.00
IMG_0246.jpg,-0.175949,1.177215,0.227848,-1.658228,0.500633,-0.715190,0.676582,0.943038,-0.392405,-2.113924,0.392405,0.632911,272.00,308.00,79.00,79.00
IMG_0247.jpg,0.012658,1.012658,0.012658,-1.556962,0.512658,-0.772152,0.500000,0.784810,-0.569620,-2.265823,0.594937,0.670886,272.00,308.00,79.00,79.00
IMG_0248.jpg,-0.189873,0.594937,1.278481,-3.329114,0.202532,-1.025316,0.392405,2.303797,-0.050633,-3.430380,0.253165,1.645570,272.00,308.00,79.00,79.00
IMG_0249.jpg,-0.113924,0.987342,0.215190,-1.708861,0.436709,-0.746835,0.550633,0.962025,-0.443038,-2.265823,0.531646,0.810127,272.00,308.00,79.00,79.00
IMG_0250.jpg,-0.063291,1.151899,0.189873,-2.417722,0.544304,-1.113924,0.607595,1.303797,-0.139241,-2.594937,0.481013,0.759494,272.00,308.00,79.00,79.00
IMG_0251.jpg,-0.063291,1.303797,0.177215,-2.594937,0.620253,-1.208861,0.683544,1.386076,-0.139241,-2.772152,0.683544,1.012658,272.00,308.00,79.00,79.00
IMG_0252.jpg,-0.025316,1.025316,0.126582,-2.506329,0.500000,-1.189873,0.525316,1.316456,-0.329114,-2.949367,0.658228,1.050633,272.00,308.00,79.00,79.00
IMG_0253.jpg,-0.784810,0.164557,0.037975,-0.189873,-0.310127,-0.075949,0.474684,0.113924,-1.481013,-3.569620,-1.012658,-0.151899,272.00,308.00,79.00,79.00
IMG_0254.jpg,-0.113924,0.721519,1.240506,-2.683544,0.303797,-0.721519,0.417722,1.962025,0.075949,-2.696203,0.202532,1.544304,272.00,308.00,79.00,79.00
IMG_0255.jpg,0.455696,1.291139,-0.873418,-1.759494,0.873418,-1.316456,0.417722,0.443038,0.341772,-3.430380,0.518987,0.075949,272.00,308.00,79.00,79.00
IMG_0256.jpg,-0.088608,2.392405,0.996203,-2.367089,1.151899,-0.685443,1.240506,1.681646,-0.582278,-3.126582,0.278481,1.468354,272.00,308.00,79.00,79.00
IMG_0257.jpg,-2.139241,-0.025316,0.379747,-0.050633,-1.082278,0.164557,1.056962,0.215190,-1.063291,-3.417722,-1.594937,0.860759,272.00,308.00,79.00,79.00
IMG_0258.jpg,0.683544,1.784810,-1.487342,-2.582278,1.234177,-2.034810,0.550633,0.547468,0.734177,-2.240506,1.151899,1.341772,272.00,308.00,79.00,79.00
IMG_0259.jpg,-0.265823,0.405063,0.987342,-2.596203,0.069620,-0.804430,0.335443,1.791772,-0.215190,-2.949367,0.050633,1.088608,272.00,308.00,79.00,79.00
IMG_0260.jpg,-0.240506,0.468354,1.122785,-2.932911,0.113924,-0.905063,0.354430,2.027848,-0.177215,-3.278481,0.240506,1.468354,272.00,308.00,79.00,79.00
IMG_0261.jpg,0.000000,0.911392,0.063291,-2.012658,0.455696,-0.974684,0.455696,1.037975,-0.531646,-2.772152,0.708861,1.050633,272.00,308.00,79.00,79.00
IMG_0262.jpg,-0.032911,2.007595,0.048101,-2.164557,0.987342,-1.058228,1.020253,1.106329,0.227848,-1.962025,0.025316,0.075949,272.00,308.00,79.00,79.00
IMG_0263.jpg,-0.189873,0.962025,0.645570,-2.974684,0.386076,-1.164557,0.575949,1.810127,-0.025316,-3.025316,0.278481,1.050633,272.00,308.00,79.00,79.00
IMG_0264.jpg,-0.189873,0.632911,0.784810,-2.797468,0.221519,-1.006329,0.411392,1.791139,-0.215190,-3.151899,0.316456,1.265823,272.00,308.00,79.00,79.00
IMG_0265.jpg,nan,nan,-0.784810,-1.075949,nan,-0.930380,nan,0.145570,0.417722,-0.696203,-0.303797,-1.025316,272.00,308.00,79.00,79.00
IMG_0266.jpg,-0.329114,0.468354,1.253165,-2.962025,0.069620,-0.854430,0.398734,2.107595,-0.126582,-3.189873,0.101266,1.392405,272.00,308.00,79.00,79.00
IMG_0267.jpg,0.000000,0.987342,0.025316,-1.898734,0.493671,-0.936709,0.493671,0.962025,-0.518987,-2.620253,0.443038,0.569620,272.00,308.00,79.00,79.00
IMG_0268.jpg,-0.025316,0.962025,0.139241,-2.162025,0.468354,-1.011392,0.493671,1.150633,-0.544304,-2.949367,0.797468,1.265823,272.00,308.00,79.00,79.00
IMG_0269.jpg,-0.227848,0.987342,0.858228,-3.162025,0.379747,-1.151899,0.607595,2.010127,0.012658,-3.177215,0.367089,1.341772,272.00,308.00,79.00,79.00
IMG_0270.jpg,nan,nan,-0.784810,-1.177215,nan,-0.981013,nan,0.196203,-0.025316,-1.227848,0.139241,-0.620253,272.00,308.00,79.00,79.00
IMG_0271.jpg,-0.063291,0.481013,0.873418,-3.227848,0.208861,-1.177215,0.272152,2.050633,-0.063291,-3.329114,0.265823,1.303797,272.00,308.00,79.00,79.00
IMG_0272.jpg,nan,nan,-0.746835,-1.240506,nan,-0.993671,nan,0.246835,0.050633,-1.227848,0.126582,-0.582278,272.00,308.00,79.00,79.00
IMG_0273.jpg,-0.165823,0.430380,1.392405,-1.960759,0.132278,-0.284177,0.298101,1.676582,-0.025316,-2.037975,0.063291,1.518987,272.00,308.00,79.00,79.00
IMG_0274.jpg,-0.291139,0.962025,0.632911,-2.151899,0.335443,-0.759494,0.626582,1.392405,-0.316456,-2.569620,0.316456,1.050633,272.00,308.00,79.00,79.00
IMG_0275.jpg,0.582278,2.227848,-0.455696,-1.797468,1.405063,-1.126582,0.822785,0.670886,2.316456,0.063291,-2.012658,-2.088608,272.00,308.00,79.00,79.00
IMG_0276.jpg,0.000000,1.291139,0.050633,-2.443038,0.645570,-1.196203,0.645570,1.246835,-0.405063,-2.924051,0.683544,0.924051,272.00,308.00,79.00,79.00
IMG_0277.jpg,0.353165,1.886076,-0.379747,-2.151899,1.119620,-1.265823,0.766456,0.886076,-0.012658,-2.177215,0.392405,0.063291,272.00,308.00,79.00,79.00
IMG_0278.jpg,-0.088608,0.686076,0.354430,-2.227848,0.298734,-0.936709,0.387342,1.291139,-0.316456,-2.696203,0.443038,1.012658,272.00,308.00,79.00,79.00
IMG_0279.jpg,-0.189873,1.650633,0.265823,-2.518987,0.730380,-1.126582,0.920253,1.392405,-0.050633,-2.582278,0.367089,0.632911,272.00,308.00,79.00,79.00
IMG_0280.jpg,-0.468354,0.670886,1.696203,-1.886076,0.101266,-0.094937,0.569620,1.791139,-0.037975,-1.936709,-0.037975,1.721519,272.00,308.00,79.00,79.00
IMG_0281.jpg,0.139241,1.227848,-0.164557,-1.734177,0.683544,-0.949367,0.544304,0.784810,-0.468354,-2.291139,0.746835,0.670886,272.00,308.00,79.00,79.00
IMG_0282.jpg,-0.050633,0.594937,0.632911,-2.987342,0.272152,-1.177215,0.322785,1.810127,-0.037975,-3.101266,0.341772,1.265823,272.00,308.00,79.00,79.00
IMG_0283.jpg,-0.405063,-0.278481,0.683544,-2.189873,-0.341772,-0.753165,0.063291,1.436709,-1.037975,-3.531646,1.025316,1.898734,272.00,308.00,79.00,79.00
IMG_0284.jpg,0.632911,1.962025,-0.493671,-1.670886,1.297468,-1.082278,0.664557,0.588608,2.367089,0.316456,-2.316456,-2.303797,272.00,308.00,79.00,79.00
IMG_0285.jpg,-0.113924,0.810127,0.520253,-2.822785,0.348101,-1.151266,0.462025,1.671519,-0.050633,-2.911392,0.341772,1.050633,272.00,308.00,79.00,79.00
IMG_0286.jpg,0.088608,1.784810,-0.088608,-1.389873,0.936709,-0.739241,0.848101,0.650633,1.810127,-0.012658,-2.000000,-1.607595,272.00,308.00,79.00,79.00
IMG_0287.jpg,-2.063291,-0.594937,1.620253,0.712658,-1.329114,1.166456,0.734177,0.453797,-2.481013,-3.443038,-1.177215,1.050633,272.00,308.00,79.00,79.00
IMG_0288.jpg,-0.278481,1.215190,0.493671,-2.101266,0.468354,-0.803797,0.746835,1.297468,-0.303797,-2.455696,0.455696,1.050633,272.00,308.00,79.00,79.00
IMG_0289.jpg,-0.113924,0.379747,0.493671,-2.354430,0.132911,-0.930380,0.246835,1.424051,-0.392405,-3.354430,0.721519,1.518987,272.00,308.00,79.00,79.00
IMG_0290.jpg,-0.050633,0.556962,0.329114,-2.037975,0.253165,-0.854430,0.303797,1.183544,-0.493671,-2.924051,0.594937,1.379747,272.00,308.00,79.00,79.00
IMG_0291.jpg,0.173418,1.493671,-0.164557,-1.392405,0.833544,-0.778481,0.660127,0.613924,2.113924,0.493671,-2.177215,-2.075949,272.00,308.00,79.00,79.00
IMG_0292.jpg,-0.037975,1.012658,0.139241,-2.265823,0.487342,-1.063291,0.525316,1.202532,-0.468354,-2.924051,0.658228,1.050633,272.00,308.00,79.00,79.00
IMG_0293.jpg,-0.341772,0.784810,1.189873,-3.012658,0.221519,-0.911392,0.563291,2.101266,-0.063291,-3.139241,0.189873,1.468354,272.00,308.00,79.00,79.00
IMG_0294.jpg,-0.240506,0.531646,0.898734,-2.451899,0.145570,-0.776582,0.386076,1.675316,-0.050633,-2.582278,0.113924,1.101266,272.00,308.00,79.00,79.00
IMG_0295.jpg,-0.493671,1.173418,0.987342,-2.949367,0.339873,-0.981013,0.833544,1.968354,0.037975,-2.936709,0.088608,1.088608,272.00,308.00,79.00,79.00
IMG_0296.jpg,-2.050633,-0.759494,1.746835,1.645570,-1.405063,1.696203,0.645570,0.050633,-1.544304,-1.936709,-1.569620,1.746835,272.00,308.00,79.00,79.00
IMG_0297.jpg,-0.113924,0.417722,0.569620,-2.075949,0.151899,-0.753165,0.265823,1.322785,-0.265823,-2.620253,0.329114,1.177215,272.00,308.00,79.00,79.00
IMG_0298.jpg,0.000000,1.253165,0.032911,-2.316456,0.626582,-1.141772,0.626582,1.174684,-0.493671,-2.924051,0.721519,0.924051,272.00,308.00,79.00,79.00
IMG_0299.jpg,nan,nan,-0.708861,-1.202532,nan,-0.955696,nan,0.246835,-0.025316,-1.265823,-0.632911,-0.936709,272.00,308.00,79.00,79.00
IMG_0300.jpg,0.012658,0.936709,0.000000,-1.645570,0.474684,-0.822785,0.462025,0.822785,-0.481013,-2.278481,0.481013,0.607595,272.00,308.00,79.00,79.00
IMG_0301.jpg,-0.683544,1.506329,0.962025,-2.683544,0.411392,-0.860759,1.094937,1.822785,-0.037975,-2.746835,0.037975,1.012658,272.00,308.00,79.00,79.00
IMG_0302.jpg,-1.987342,-1.012658,1.582278,1.464557,-1.500000,1.523418,0.487342,0.058861,2.202532,1.455696,-0.962025,1.582278,272.00,308.00,79.00,79.00
IMG_0303.jpg,0.177215,1.518987,-0.177215,-1.620253,0.848101,-0.898734,0.670886,0.721519,-0.012658,-1.645570,-2.215190,-2.253165,272.00,308.00,79.00,79.00
IMG_0304.jpg,-0.215190,0.658228,0.556962,-1.962025,0.221519,-0.702532,0.436709,1.259494,-0.531646,-2.784810,0.392405,1.139241,272.00,308.00,79.00,79.00
IMG_0305.jpg,-0.392405,0.822785,1.468354,-3.253165,0.215190,-0.892405,0.607595,2.360759,-0.050633,-3.354430,0.126582,1.632911,272.00,308.00,79.00,79.00
IMG_0306.jpg,-0.278481,0.867089,0.735443,-2.772152,0.294304,-1.018354,0.572785,1.753797,-0.227848,-3.075949,0.215190,1.050633,272.00,308.00,79.00,79.00
IMG_0307.jpg,-0.379747,1.189873,0.629114,-2.721519,0.405063,-1.046203,0.784810,1.675316,-0.025316,-2.772152,0.113924,0.759494,272.00,308.00,79.00,79.00
IMG_0308.jpg,0.303797,1.151899,-0.430380,-1.924051,0.727848,-1.177215,0.424051,0.746835,-0.810127,-2.898734,1.063291,0.911392,272.00,308.00,79.00,79.00
IMG_0309.jpg,0.430380,1.329114,-0.540506,-1.835443,0.879747,-1.187975,0.449367,0.647468,-0.392405,-2.291139,0.886076,0.506329,272.00,308.00,79.00,79.00
IMG_0310.jpg,-0.139241,1.113924,0.240506,-1.822785,0.487342,-0.791139,0.626582,1.031646,-0.493671,-2.443038,0.683544,1.088608,272.00,308.00,79.00,79.00
IMG_0311.jpg,1.417722,2.405063,-3.025316,-3.253165,1.911392,-3.139241,0.493671,0.113924,1.392405,-3.177215,2.139241,1.392405,272.00,308.00,79.00,79.00
IMG_0312.jpg,-0.202532,0.417722,0.911392,-2.708861,0.107595,-0.898734,0.310127,1.810127,-0.227848,-3.202532,0.240506,1.341772,272.00,308.00,79.00,79.00
IMG_0313.jpg,-0.316456,1.303797,0.797468,-3.101266,0.493671,-1.151899,0.810127,1.949367,-0.354430,-3.670886,0.746835,2.037975,272.00,308.00,79.00,79.00
IMG_0314.jpg,0.202532,1.025316,-0.287342,-1.658228,0.613924,-0.972785,0.411392,0.685443,-0.569620,-2.417722,0.911392,0.860759,272.00,308.00,79.00,79.00
IMG_0315.jpg,-0.354430,1.151899,0.544304,-2.227848,0.398734,-0.841772,0.753165,1.386076,-0.037975,-2.291139,0.063291,0.632911,272.00,308.00,79.00,79.00
IMG_0316.jpg,-0.215190,1.316456,0.358228,-2.139241,0.550633,-0.890506,0.765823,1.248734,-0.012658,-2.177215,0.531646,0.962025,272.00,308.00,79.00,79.00
IMG_0317.jpg,-0.329114,1.101266,0.506329,-1.860759,0.386076,-0.677215,0.715190,1.183544,-0.481013,-2.443038,0.455696,1.012658,272.00,308.00,79.00,79.00
IMG_0318.jpg,-2.417722,-1.253165,1.658228,1.556962,-1.835443,1.607595,0.582278,0.050633,-1.835443,-2.189873,-2.139241,1.696203,272.00,308.00,79.00,79.00
IMG_0319.jpg,-0.189873,0.468354,1.025316,-2.620253,0.139241,-0.797468,0.329114,1.822785,-0.151899,-2.949367,0.278481,1.518987,272.00,308.00,79.00,79.00
IMG_0320.jpg,-0.113924,1.556962,0.227848,-2.594937,0.721519,-1.183544,0.835443,1.411392,-0.037975,-2.670886,0.481013,0.822785,272.00,308.00,79.00,79.00
IMG_0321.jpg,0.101266,2.063291,-0.088608,-1.506329,1.082278,-0.797468,0.981013,0.708861,2.493671,0.316456,-2.417722,-1.822785,272.00,308.00,79.00,79.00
IMG_0322.jpg,-0.493671,2.455696,0.531646,-2.848101,0.981013,-1.158228,1.474684,1.689873,-0.050633,-2.911392,0.063291,0.607595,272.00,308.00,79.00,79.00
IMG_0323.jpg,0.215190,1.329114,-0.303797,-2.265823,0.772152,-1.284810,0.556962,0.981013,-0.316456,-2.645570,0.784810,0.708861,272.00,308.00,79.00,79.00
IMG_0324.jpg,-0.101266,0.594937,0.727848,-3.208861,0.246835,-1.240506,0.348101,1.968354,-0.037975,-3.379747,0.341772,1.392405,272.00,308.00,79.00,79.00
IMG_0325.jpg,-1.227848,1.025316,1.746835,-1.708861,-0.101266,0.018987,1.126582,1.727848,0.291139,-1.455696,-0.582278,1.759494,272.00,308.00,79.00,79.00
IMG_0326.jpg,0.253165,1.189873,-0.283544,-1.531646,0.721519,-0.907595,0.468354,0.624051,-0.341772,-1.936709,0.531646,0.278481,272.00,308.00,79.00,79.00
IMG_0327.jpg,-0.658228,0.672152,1.379747,-1.784810,0.006962,-0.202532,0.665190,1.582278,-0.126582,-1.936709,-0.265823,1.367089,272.00,308.00,79.00,79.00
IMG_0328.jpg,-0.113924,0.594937,0.367089,-2.025316,0.240506,-0.829114,0.354430,1.196203,-0.481013,-2.924051,0.392405,1.037975,272.00,308.00,79.00,79.00
IMG_0329.jpg,-0.215190,1.000000,1.060759,-3.531646,0.392405,-1.235443,0.607595,2.296203,0.025316,-3.582278,0.417722,1.746835,272.00,308.00,79.00,79.00
IMG_0330.jpg,0.354430,1.000000,-0.607595,-1.936709,0.677215,-1.272152,0.322785,0.664557,-0.468354,-2.582278,0.873418,0.734177,272.00,308.00,79.00,79.00
IMG_0331.jpg,0.215190,0.974684,-0.367089,-2.177215,0.594937,-1.272152,0.379747,0.905063,-0.544304,-2.924051,0.810127,0.835443,272.00,308.00,79.00,79.00
IMG_0332.jpg,-0.860759,2.531646,1.227848,-3.627848,0.835443,-1.200000,1.696203,2.427848,0.113924,-3.582278,0.632911,1.949367,272.00,308.00,79.00,79.00
IMG_0333.jpg,0.189873,1.860759,-0.165823,-1.582278,1.025316,-0.874051,0.835443,0.708228,2.493671,0.468354,-2.392405,-2.215190,272.00,308.00,79.00,79.00
IMG_0334.jpg,0.860759,2.367089,-0.569620,-1.582278,1.613924,-1.075949,0.753165,0.506329,2.518987,0.126582,-2.430380,-2.126582,272.00,308.00,79.00,79.00
IMG_0335.jpg,0.354430,1.379747,-0.367089,-1.518987,0.867089,-0.943038,0.512658,0.575949,2.443038,0.822785,-2.341772,-2.468354,272.00,308.00,79.00,79.00
IMG_0336.jpg,0.139241,0.835443,-0.262025,-2.316456,0.487342,-1.289241,0.348101,1.027215,-0.405063,-2.949367,0.734177,1.012658,272.00,308.00,79.00,79.00
IMG_0337.jpg,-0.177215,0.670886,0.810127,-2.962025,0.246835,-1.075949,0.424051,1.886076,-0.063291,-3.113924,0.278481,1.265823,272.00,308.00,79.00,79.00
IMG_0338.jpg,1.481013,2.354430,-3.050633,-3.303797,1.917722,-3.177215,0.436709,0.126582,0.936709,-3.000000,2.303797,1.430380,272.00,308.00,79.00,79.00
IMG_0339.jpg,-2.417722,0.417722,1.303797,-0.197468,-1.000000,0.553165,1.417722,0.750633,2.696203,1.329114,-2.632911,-0.126582,272.00,308.00,79.00,79.00
IMG_0340.jpg,-0.379747,0.632911,1.000000,-2.949367,0.126582,-0.974684,0.506329,1.974684,-0.088608,-3.101266,0.063291,1.101266,272.00,308.00,79.00,79.00
IMG_0341.jpg,-0.126582,1.240506,0.417722,-3.455696,0.556962,-1.518987,0.683544,1.936709,0.367089,-3.430380,0.443038,1.037975,272.00,308.00,79.00,79.00
IMG_0342.jpg,0.101266,0.772152,-0.189873,-2.113924,0.436709,-1.151899,0.335443,0.962025,-0.481013,-2.924051,0.873418,1.341772,272.00,308.00,79.00,79.00
IMG_0343.jpg,-0.126582,0.468354,0.631646,-2.354430,0.170886,-0.861392,0.297468,1.493038,-0.443038,-3.227848,0.417722,1.493671,272.00,308.00,79.00,79.00
IMG_0344.jpg,-0.025316,0.924051,0.189873,-2.746835,0.449367,-1.278481,0.474684,1.468354,-0.101266,-2.924051,0.594937,1.177215,272.00,308.00,79.00,79.00
IMG_0345.jpg,0.126582,0.734177,-0.179747,-1.389873,0.430380,-0.784810,0.303797,0.605063,-1.025316,-2.759494,0.835443,1.012658,272.00,308.00,79.00,79.00
IMG_0346.jpg,-1.341772,2.253165,2.025316,1.924051,0.455696,1.974684,1.797468,0.050633,0.936709,-3.683544,-0.544304,2.037975,272.00,308.00,79.00,79.00
IMG_0347.jpg,0.392405,0.594937,-0.696203,-1.594937,0.493671,-1.145570,0.101266,0.449367,-0.063291,-1.759494,0.291139,-0.126582,272.00,308.00,79.00,79.00
IMG_0348.jpg,0.253165,0.873418,-0.316456,-1.569620,0.563291,-0.943038,0.310127,0.626582,-1.025316,-3.050633,0.683544,0.493671,272.00,308.00,79.00,79.00
IMG_0349.jpg,-0.063291,0.556962,0.569620,-2.949367,0.246835,-1.189873,0.310127,1.759494,-0.139241,-3.278481,0.379747,1.620253,272.00,308.00,79.00,79.00
IMG_0350.jpg,-0.202532,0.898734,0.721519,-2.708861,0.348101,-0.993671,0.550633,1.715190,-0.493671,-3.658228,0.594937,2.037975,272.00,308.00,79.00,79.00
IMG_0351.jpg,0.012658,1.544304,0.012658,-2.544304,0.778481,-1.265823,0.765823,1.278481,-0.037975,-2.620253,0.443038,0.569620,272.00,308.00,79.00,79.00
IMG_0352.jpg,-0.367089,1.468354,0.822785,-3.164557,0.550633,-1.170886,0.917722,1.993671,-0.316456,-3.607595,0.797468,1.936709,272.00,308.00,79.00,79.00
IMG_0353.jpg,0.344304,0.696203,-0.392405,-1.658228,0.520253,-1.025316,0.175949,0.632911,0.101266,-1.620253,0.177215,-0.151899,272.00,308.00,79.00,79.00
IMG_0354.jpg,-0.063291,0.594937,0.379747,-2.405063,0.265823,-1.012658,0.329114,1.392405,-0.265823,-2.949367,0.531646,1.417722,272.00,308.00,79.00,79.00
IMG_0355.jpg,0.000000,0.620253,0.518987,-2.455696,0.310127,-0.968354,0.310127,1.487342,-0.430380,-3.202532,0.265823,1.531646,272.00,308.00,79.00,79.00
IMG_0356.jpg,0.417722,1.189873,-0.544304,-1.607595,0.803797,-1.075949,0.386076,0.531646,-0.278481,-1.924051,1.037975,0.696203,272.00,308.00,79.00,79.00
IMG_0357.jpg,-0.354430,1.088608,1.037975,-2.430380,0.367089,-0.696203,0.721519,1.734177,-0.050633,-2.518987,0.392405,1.582278,272.00,308.00,79.00,79.00
IMG_0358.jpg,-1.291139,1.164557,1.531646,-1.929114,-0.063291,-0.198734,1.227848,1.730380,-0.025316,-1.962025,-0.468354,1.531646,272.00,308.00,79.00,79.00
IMG_0359.jpg,-0.025316,0.974684,0.088608,-1.810127,0.474684,-0.860759,0.500000,0.949367,-0.556962,-2.518987,0.708861,0.987342,272.00,308.00,79.00,79.00
IMG_0360.jpg,-0.696203,1.139241,2.012658,1.898734,0.221519,1.955696,0.917722,0.056962,0.329114,-3.670886,-0.164557,2.012658,272.00,308.00,79.00,79.00
IMG_0361.jpg,0.151899,0.848101,-0.265823,-1.824051,0.500000,-1.044937,0.348101,0.779114,-0.531646,-2.594937,0.860759,1.012658,272.00,308.00,79.00,79.00
IMG_0362.jpg,-0.177215,0.821519,0.392405,-1.911392,0.322152,-0.759494,0.499367,1.151899,-0.417722,-2.518987,0.430380,1.012658,272.00,308.00,79.00,79.00
IMG_0363.jpg,0.278481,0.734177,-0.379747,-1.329114,0.506329,-0.854430,0.227848,0.474684,-0.088608,-1.556962,0.139241,-0.139241,272.00,308.00,79.00,79.00
IMG_0364.jpg,-0.544304,1.139241,2.113924,1.924051,0.297468,2.018987,0.841772,0.094937,0.506329,-3.670886,-0.101266,2.113924,272.00,308.00,79.00,79.00
IMG_0365.jpg,-0.177215,0.417722,0.898734,-2.417722,0.120253,-0.759494,0.297468,1.658228,-0.291139,-3.037975,0.215190,1.341772,272.00,308.00,79.00,79.00
IMG_0366.jpg,-0.063291,1.164557,0.278481,-1.708861,0.550633,-0.715190,0.613924,0.993671,2.531646,0.303797,0.645570,1.341772,272.00,308.00,79.00,79.00
IMG_0367.jpg,0.025316,0.810127,0.000000,-2.405063,0.417722,-1.202532,0.392405,1.202532,-0.088608,-2.594937,0.468354,0.822785,272.00,308.00,79.00,79.00
IMG_0368.jpg,0.886076,2.316456,-1.329114,-3.291139,1.601266,-2.310127,0.715190,0.981013,0.354430,-3.303797,0.594937,-0.151899,272.00,308.00,79.00,79.00
IMG_0369.jpg,0.151899,1.417722,-0.156962,-1.531646,0.784810,-0.844304,0.632911,0.687342,2.455696,0.835443,-2.582278,-2.708861,272.00,308.00,79.00,79.00
IMG_0370.jpg,-0.063291,1.620253,0.088608,-2.253165,0.778481,-1.082278,0.841772,1.170886,-0.063291,-2.341772,0.392405,0.506329,272.00,308.00,79.00,79.00
IMG_0371.jpg,-0.215190,0.708861,0.911392,-3.113924,0.246835,-1.101266,0.462025,2.012658,0.075949,-3.113924,0.240506,1.227848,272.00,308.00,79.00,79.00
IMG_0372.jpg,0.060759,0.886076,-0.075949,-2.329114,0.473418,-1.202532,0.412658,1.126582,-0.379747,-2.949367,0.784810,1.265823,272.00,308.00,79.00,79.00
IMG_0373.jpg,-0.037975,0.721519,0.177215,-1.417722,0.341772,-0.620253,0.379747,0.797468,-1.189873,-3.265823,0.594937,1.443038,272.00,308.00,79.00,79.00
IMG_0374.jpg,-0.151899,0.860759,0.430380,-2.316456,0.354430,-0.943038,0.506329,1.373418,-0.126582,-2.518987,0.392405,0.987342,272.00,308.00,79.00,79.00
IMG_0375.jpg,-0.835443,0.227848,1.392405,-0.506329,-0.303797,0.443038,0.531646,0.949367,2.291139,1.278481,-0.139241,1.392405,272.00,308.00,79.00,79.00
IMG_0376.jpg,-0.075949,0.886076,0.151899,-1.632911,0.405063,-0.740506,0.481013,0.892405,-0.569620,-2.367089,0.443038,0.708861,272.00,308.00,79.00,79.00
IMG_0377.jpg,-0.177215,0.797468,0.607595,-2.708861,0.310127,-1.050633,0.487342,1.658228,-0.291139,-3.164557,0.518987,1.392405,272.00,308.00,79.00,79.00
IMG_0378.jpg,-0.316456,1.455696,0.430380,-1.936709,0.569620,-0.753165,0.886076,1.183544,-1.113924,-3.202532,1.050633,1.645570,272.00,308.00,79.00,79.00
IMG_0379.jpg,-0.075949,0.911392,0.379747,-2.886076,0.417722,-1.253165,0.493671,1.632911,-0.151899,-3.151899,0.531646,1.392405,272.00,308.00,79.00,79.00
IMG_0380.jpg,-0.151899,0.873418,0.303797,-1.734177,0.360759,-0.715190,0.512658,1.018987,-0.556962,-2.493671,0.531646,0.962025,272.00,308.00,79.00,79.00
IMG_0381.jpg,0.101266,1.443038,-0.113924,-1.658228,0.772152,-0.886076,0.670886,0.772152,-0.075949,-1.759494,0.164557,0.063291,272.00,308.00,79.00,79.00
IMG_0382.jpg,-0.291139,0.772152,0.772152,-2.862025,0.240506,-1.044937,0.531646,1.817089,-0.063291,-2.987342,0.164557,0.987342,272.00,308.00,79.00,79.00
IMG_0383.jpg,-0.734177,1.126582,2.063291,-3.430380,0.196203,-0.683544,0.930380,2.746835,-0.126582,-3.670886,0.063291,2.189873,272.00,308.00,79.00,79.00
IMG_0384.jpg,-0.050633,2.278481,0.012658,-1.708861,1.113924,-0.848101,1.164557,0.860759,2.607595,0.240506,-2.607595,-1.860759,272.00,308.00,79.00,79.00
IMG_0385.jpg,-0.343038,1.151899,0.607595,-2.556962,0.404430,-0.974684,0.747468,1.582278,-0.139241,-2.746835,0.278481,0.911392,272.00,308.00,79.00,79.00
IMG_0386.jpg,0.025316,1.234177,-0.025316,-2.101266,0.629747,-1.063291,0.604430,1.037975,-1.088608,-3.544304,1.417722,1.924051,272.00,308.00,79.00,79.00
IMG_0387.jpg,0.278481,0.924051,-0.443038,-1.645570,0.601266,-1.044304,0.322785,0.601266,-0.569620,-2.417722,1.000000,0.962025,272.00,308.00,79.00,79.00
IMG_0388.jpg,1.088608,2.341772,-3.151899,-3.253165,1.715190,-3.202532,0.626582,0.050633,1.620253,-3.189873,1.506329,1.379747,272.00,308.00,79.00,79.00
IMG_0389.jpg,0.012658,1.253165,0.012658,-2.716456,0.632911,-1.351899,0.620253,1.364557,-0.455696,-3.303797,0.708861,1.050633,272.00,308.00,79.00,79.00
IMG_0390.jpg,-0.037975,0.582278,0.177215,-3.101266,0.272152,-1.462025,0.310127,1.639241,-0.215190,-3.582278,0.974684,1.721519,272.00,308.00,79.00,79.00
IMG_0391.jpg,0.000000,0.670886,0.227848,-3.278481,0.335443,-1.525316,0.335443,1.753165,-0.075949,-3.493671,0.493671,1.392405,272.00,308.00,79.00,79.00
IMG_0392.jpg,-2.050633,-1.227848,1.759494,1.648101,-1.639241,1.703797,0.411392,0.055696,1.974684,1.683544,-1.582278,1.772152,272.00,308.00,79.00,79.00
IMG_0393.jpg,-0.253165,0.822785,1.139241,-3.227848,0.284810,-1.044304,0.537975,2.183544,0.025316,-3.253165,0.265823,1.556962,272.00,308.00,79.00,79.00
IMG_0394.jpg,-0.037975,1.113924,0.253165,-2.493671,0.537975,-1.120253,0.575949,1.373418,-0.139241,-2.721519,0.582278,1.316456,272.00,308.00,79.00,79.00
IMG_0395.jpg,-0.111392,0.962025,0.253165,-2.005063,0.425316,-0.875949,0.536709,1.129114,-0.316456,-2.417722,0.594937,1.012658,272.00,308.00,79.00,79.00
IMG_0396.jpg,-0.202532,0.763291,1.075949,-3.126582,0.280380,-1.025316,0.482911,2.101266,0.075949,-3.113924,0.164557,1.392405,272.00,308.00,79.00,79.00
IMG_0397.jpg,-1.205063,2.772152,1.329114,-3.291139,0.783544,-0.981013,1.988608,2.310127,-0.050633,-3.354430,0.025316,1.367089,272.00,308.00,79.00,79.00
IMG_0398.jpg,-0.164557,1.864557,0.184810,-2.189873,0.850000,-1.002532,1.014557,1.187342,0.253165,-1.962025,0.113924,0.303797,272.00,308.00,79.00,79.00
IMG_0399.jpg,-0.873418,-0.341772,0.670886,0.556962,-0.607595,0.613924,0.265823,0.056962,-0.924051,-1.810127,-0.569620,0.569620,272.00,308.00,79.00,79.00
IMG_0400.jpg,0.658228,3.784810,-0.430380,-2.620253,2.221519,-1.525316,1.563291,1.094937,3.784810,-0.253165,-2.658228,-2.000000,272.00,308.00,79.00,79.00
IMG_0401.jpg,nan,nan,-1.329114,-1.417722,nan,-1.373418,nan,0.044304,0.531646,-1.341772,-0.202532,-0.987342,272.00,308.00,79.00,79.00
IMG_0402.jpg,0.215190,1.050633,-1.037975,-3.278481,0.632911,-2.158228,0.417722,1.120253,0.417722,-3.177215,0.620253,1.227848,272.00,308.00,79.00,79.00
IMG_0403.jpg,nan,nan,-1.439241,-1.556962,nan,-1.498101,nan,0.058861,1.075949,-0.987342,-0.202532,-0.962025,272.00,308.00,79.00,79.00
IMG_0404.jpg,0.227848,1.278481,-0.746835,-3.329114,0.753165,-2.037975,0.525316,1.291139,0.367089,-3.253165,0.784810,1.392405,272.00,308.00,79.00,79.00
IMG_0405.jpg,0.513924,2.063291,-0.569620,-2.367089,1.288608,-1.468354,0.774684,0.898734,-0.139241,-2.518987,1.354430,0.860759,272.00,308.00,79.00,79.00
IMG_0406.jpg,0.341772,2.506329,-0.341772,-2.556962,1.424051,-1.449367,1.082278,1.107595,0.582278,-2.012658,-2.645570,-2.886076,272.00,308.00,79.00,79.00
IMG_0407.jpg,nan,nan,-0.949367,-0.974684,nan,-0.962025,nan,0.012658,1.050633,-1.000000,0.518987,-0.329114,272.00,308.00,79.00,79.00
IMG_0408.jpg,0.341772,2.088608,-0.506329,-2.620253,1.215190,-1.563291,0.873418,1.056962,0.037975,-2.594937,1.696203,1.848101,272.00,308.00,79.00,79.00
IMG_0409.jpg,0.164557,1.025316,-0.759494,-3.265823,0.594937,-2.012658,0.430380,1.253165,0.379747,-3.202532,0.556962,1.518987,272.00,308.00,79.00,79.00
IMG_0410.jpg,-0.835443,-0.088608,1.088608,0.075949,-0.462025,0.582278,0.373418,0.506329,-0.848101,-3.354430,-0.417722,1.367089,272.00,308.00,79.00,79.00
IMG_0411.jpg,2.151899,2.924051,nan,nan,2.537975,nan,0.386076,nan,1.329114,-3.645570,3.025316,1.721519,272.00,308.00,79.00,79.00
IMG_0412.jpg,0.544304,1.126582,-2.759494,-3.481013,0.835443,-3.120253,0.291139,0.360759,0.379747,-3.354430,0.949367,1.227848,272.00,308.00,79.00,79.00
IMG_0413.jpg,-0.101266,1.784810,0.594937,-0.144304,0.841772,0.225316,0.943038,0.369620,0.734177,-3.670886,0.594937,2.012658,272.00,308.00,79.00,79.00
IMG_0414.jpg,2.493671,3.316456,-3.303797,-3.468354,2.905063,-3.386076,0.411392,0.082278,1.506329,-2.974684,3.329114,1.759494,272.00,308.00,79.00,79.00
IMG_0415.jpg,0.607595,1.367089,-1.506329,-2.987342,0.987342,-2.246835,0.379747,0.740506,0.050633,-2.974684,1.202532,0.962025,272.00,308.00,79.00,79.00
IMG_0416.jpg,0.569620,1.189873,-1.924051,-3.000000,0.879747,-2.462025,0.310127,0.537975,0.329114,-2.772152,1.063291,0.936709,272.00,308.00,79.00,79.00
IMG_0417.jpg,0.683544,3.060759,-0.898734,-1.759494,1.872152,-1.329114,1.188608,0.430380,3.189873,0.063291,-2.101266,-2.088608,272.00,308.00,79.00,79.00
IMG_0418.jpg,0.316456,1.354430,-0.772152,-3.126582,0.835443,-1.949367,0.518987,1.177215,0.037975,-3.151899,1.000000,1.177215,272.00,308.00,79.00,79.00
IMG_0419.jpg,0.493671,1.215190,-1.812658,-3.544304,0.854430,-2.678481,0.360759,0.865823,0.151899,-3.455696,1.063291,1.189873,272.00,308.00,79.00,79.00
IMG_0420.jpg,1.177215,3.000000,-0.810127,-2.227848,2.088608,-1.518987,0.911392,0.708861,2.949367,-0.265823,-1.898734,-2.126582,272.00,308.00,79.00,79.00
IMG_0421.jpg,0.860759,2.696203,-0.784810,-2.443038,1.778481,-1.613924,0.917722,0.829114,2.810127,0.088608,-1.481013,-2.126582,272.00,308.00,79.00,79.00
IMG_0422.jpg,0.455696,1.316456,-1.759494,-3.341772,0.886076,-2.550633,0.430380,0.791139,0.443038,-3.202532,0.886076,1.050633,272.00,308.00,79.00,79.00
IMG_0423.jpg,0.430380,2.464557,-0.531646,-2.924051,1.447468,-1.727848,1.017089,1.196203,0.455696,-2.620253,0.873418,0.481013,272.00,308.00,79.00,79.00
IMG_0424.jpg,0.329114,1.291139,-1.075949,-3.430380,0.810127,-2.253165,0.481013,1.177215,0.202532,-3.329114,1.063291,1.670886,272.00,308.00,79.00,79.00
IMG_0425.jpg,0.873418,1.620253,-1.202532,-2.303797,1.246835,-1.753165,0.373418,0.550633,-0.278481,-2.620253,1.443038,0.632911,272.00,308.00,79.00,79.00
IMG_0426.jpg,-0.392405,0.886076,1.405063,-1.708861,0.246835,-0.151899,0.639241,1.556962,0.227848,-1.544304,0.063291,1.518987,272.00,308.00,79.00,79.00
IMG_0427.jpg,0.240506,1.291139,-0.620253,-3.405063,0.765823,-2.012658,0.525316,1.392405,0.037975,-3.417722,0.810127,1.050633,272.00,308.00,79.00,79.00
IMG_0428.jpg,0.291139,1.417722,-1.240506,-3.607595,0.854430,-2.424051,0.563291,1.183544,0.468354,-3.582278,0.721519,1.265823,272.00,308.00,79.00,79.00
IMG_0429.jpg,0.354430,1.126582,-1.873418,-3.151899,0.740506,-2.512658,0.386076,0.639241,0.518987,-3.658228,0.721519,1.936709,272.00,308.00,79.00,79.00
IMG_0430.jpg,0.987342,1.569620,-1.253165,-3.075949,1.278481,-2.164557,0.291139,0.911392,-0.379747,-3.582278,2.392405,1.518987,272.00,308.00,79.00,79.00
IMG_0431.jpg,0.430380,1.012658,-2.139241,-3.468354,0.721519,-2.803797,0.291139,0.664557,0.265823,-3.341772,0.886076,1.215190,272.00,308.00,79.00,79.00
IMG_0432.jpg,-0.202532,2.012658,1.063291,0.227848,0.905063,0.645570,1.107595,0.417722,1.113924,-3.683544,0.405063,2.177215,272.00,308.00,79.00,79.00
IMG_0433.jpg,nan,nan,-1.696203,-1.810127,nan,-1.753165,nan,0.056962,0.455696,-1.746835,0.594937,-0.329114,272.00,308.00,79.00,79.00
IMG_0434.jpg,0.012658,1.746835,0.050633,-3.107595,0.879747,-1.528481,0.867089,1.579114,0.443038,-2.721519,0.632911,1.012658,272.00,308.00,79.00,79.00
IMG_0435.jpg,0.556962,1.594937,-1.202532,-2.329114,1.075949,-1.765823,0.518987,0.563291,-0.911392,-3.430380,1.367089,1.392405,272.00,308.00,79.00,79.00
IMG_0436.jpg,nan,nan,nan,nan,nan,nan,nan,nan,0.468354,-1.759494,0.493671,-0.240506,272.00,308.00,79.00,79.00
IMG_0437.jpg,0.341772,1.696203,-0.670886,-3.607595,1.018987,-2.139241,0.677215,1.468354,0.075949,-3.670886,1.455696,1.924051,272.00,308.00,79.00,79.00
IMG_0438.jpg,0.302532,1.493671,-1.070886,-3.417722,0.898101,-2.244304,0.595570,1.173418,0.645570,-3.202532,0.721519,1.101266,272.00,308.00,79.00,79.00
IMG_0439.jpg,0.303797,1.468354,-0.620253,-3.113924,0.886076,-1.867089,0.582278,1.246835,-0.341772,-3.670886,1.329114,1.974684,272.00,308.00,79.00,79.00
IMG_0440.jpg,0.392405,1.594937,-0.658228,-2.848101,0.993671,-1.753165,0.601266,1.094937,-0.075949,-2.949367,1.063291,0.873418,272.00,308.00,79.00,79.00
IMG_0441.jpg,0.012658,2.215190,0.072152,-3.227848,1.113924,-1.577848,1.101266,1.650000,1.000000,-2.772152,0.531646,0.835443,272.00,308.00,79.00,79.00
IMG_0442.jpg,nan,nan,-1.506329,-1.607595,nan,-1.556962,nan,0.050633,0.544304,-1.468354,-0.164557,-1.088608,272.00,308.00,79.00,79.00
IMG_0443.jpg,0.520253,1.341772,-1.696203,-3.379747,0.931013,-2.537975,0.410759,0.841772,0.278481,-3.291139,1.113924,1.139241,272.00,308.00,79.00,79.00
IMG_0444.jpg,0.455696,1.037975,-3.075949,-3.594937,0.746835,-3.335443,0.291139,0.259494,0.544304,-3.607595,0.772152,1.518987,272.00,308.00,79.00,79.00
IMG_0445.jpg,0.177215,1.670886,-0.303797,-0.873418,0.924051,-0.588608,0.746835,0.284810,0.341772,-3.670886,1.088608,2.037975,272.00,308.00,79.00,79.00
IMG_0446.jpg,0.012658,2.392405,0.121519,-0.362025,1.202532,-0.120253,1.189873,0.241772,0.721519,-3.658228,1.000000,2.000000,272.00,308.00,79.00,79.00
IMG_0447.jpg,-2.139241,-1.139241,1.683544,1.582278,-1.639241,1.632911,0.500000,0.050633,2.164557,1.582278,-1.658228,1.708861,272.00,308.00,79.00,79.00
IMG_0448.jpg,0.430380,1.088608,-1.417722,-3.291139,0.759494,-2.354430,0.329114,0.936709,0.037975,-3.303797,1.063291,1.341772,272.00,308.00,79.00,79.00
IMG_0449.jpg,0.481013,1.556962,-1.177215,-3.430380,1.018987,-2.303797,0.537975,1.126582,0.037975,-3.430380,1.316456,1.367089,272.00,308.00,79.00,79.00
IMG_0450.jpg,0.620253,1.341772,-2.000000,-3.291139,0.981013,-2.645570,0.360759,0.645570,0.278481,-3.164557,1.151899,0.962025,272.00,308.00,79.00,79.00
IMG_0451.jpg,0.417722,1.556962,-0.860759,-2.860759,0.987342,-1.860759,0.569620,1.000000,0.227848,-2.696203,1.063291,0.987342,272.00,308.00,79.00,79.00
IMG_0452.jpg,nan,nan,-1.493671,-1.632911,nan,-1.563291,nan,0.069620,0.556962,-1.430380,0.721519,-0.721519,272.00,308.00,79.00,79.00
IMG_0453.jpg,2.379747,3.316456,nan,nan,2.848101,nan,0.468354,nan,3.012658,-3.670886,2.607595,0.291139,272.00,308.00,79.00,79.00
IMG_0454.jpg,0.265823,1.151899,-1.860759,-3.329114,0.708861,-2.594937,0.443038,0.734177,-0.088608,-3.607595,0.506329,1.620253,272.00,308.00,79.00,79.00
IMG_0455.jpg,0.101266,1.746835,-0.139241,-3.316456,0.924051,-1.727848,0.822785,1.588608,0.443038,-3.164557,0.632911,0.962025,272.00,308.00,79.00,79.00
IMG_0456.jpg,0.746835,1.974684,-0.658228,-1.822785,1.360759,-1.240506,0.613924,0.582278,3.202532,0.848101,-2.088608,-2.329114,272.00,308.00,79.00,79.00
IMG_0457.jpg,0.139241,1.417722,-0.291139,-3.430380,0.778481,-1.860759,0.639241,1.569620,0.379747,-3.164557,0.784810,1.265823,272.00,308.00,79.00,79.00
IMG_0458.jpg,0.063291,1.455696,0.025316,-1.108861,0.759494,-0.541772,0.696203,0.567089,0.721519,-3.670886,0.506329,1.974684,272.00,308.00,79.00,79.00
IMG_0459.jpg,0.240506,1.341772,-1.506329,-3.220253,0.791139,-2.363291,0.550633,0.856962,0.886076,-3.683544,0.544304,1.974684,272.00,308.00,79.00,79.00
IMG_0460.jpg,-1.822785,-0.582278,1.468354,1.379747,-1.202532,1.424051,0.620253,0.044304,-1.898734,-3.012658,-1.392405,1.481013,272.00,308.00,79.00,79.00
IMG_0461.jpg,0.974684,1.544304,-1.483544,-2.341772,1.259494,-1.912658,0.284810,0.429114,-0.012658,-2.367089,1.481013,0.582278,272.00,308.00,79.00,79.00
IMG_0462.jpg,0.088608,2.569620,-0.075949,-2.759494,1.329114,-1.417722,1.240506,1.341772,0.924051,-2.113924,0.848101,1.215190,272.00,308.00,79.00,79.00
IMG_0463.jpg,0.506329,1.164557,-1.860759,-2.556962,0.835443,-2.208861,0.329114,0.348101,0.379747,-3.658228,1.506329,1.746835,272.00,308.00,79.00,79.00
IMG_0464.jpg,0.645570,1.569620,-1.088608,-2.493671,1.107595,-1.791139,0.462025,0.702532,0.063291,-2.443038,1.202532,0.696203,272.00,308.00,79.00,79.00
IMG_0465.jpg,1.430380,2.924051,-1.721519,-3.417722,2.177215,-2.569620,0.746835,0.848101,0.734177,-3.354430,1.025316,-0.354430,272.00,308.00,79.00,79.00
IMG_0466.jpg,0.468354,2.531646,-0.468354,-2.559494,1.500000,-1.513924,1.031646,1.045570,0.544304,-2.113924,0.253165,-0.202532,272.00,308.00,79.00,79.00
IMG_0467.jpg,0.721519,2.987342,-0.531646,-2.822785,1.854430,-1.677215,1.132911,1.145570,3.265823,0.050633,-2.139241,-1.987342,272.00,308.00,79.00,79.00
IMG_0468.jpg,nan,nan,-1.759494,-1.873418,nan,-1.816456,nan,0.056962,0.468354,-1.784810,0.658228,-0.253165,272.00,308.00,79.00,79.00
IMG_0469.jpg,0.405063,1.151899,-2.392405,-3.329114,0.778481,-2.860759,0.373418,0.468354,0.417722,-3.683544,0.848101,1.721519,272.00,308.00,79.00,79.00
IMG_0470.jpg,0.151899,1.189873,-0.493671,-3.215190,0.670886,-1.854430,0.518987,1.360759,0.443038,-3.012658,0.658228,1.303797,272.00,308.00,79.00,79.00
IMG_0471.jpg,0.620253,1.367089,-1.632911,-3.240506,0.993671,-2.436709,0.373418,0.803797,0.101266,-3.202532,1.278481,1.139241,272.00,308.00,79.00,79.00
IMG_0472.jpg,-0.189873,2.101266,0.417722,-3.531646,0.955696,-1.556962,1.145570,1.974684,0.443038,-3.202532,0.594937,1.177215,272.00,308.00,79.00,79.00
IMG_0473.jpg,0.556962,1.253165,-1.911392,-3.126582,0.905063,-2.518987,0.348101,0.607595,0.278481,-2.924051,1.063291,1.101266,272.00,308.00,79.00,79.00
IMG_0474.jpg,0.620253,1.531646,-2.177215,-3.202532,1.075949,-2.689873,0.455696,0.512658,0.632911,-3.683544,0.949367,0.569620,272.00,308.00,79.00,79.00
IMG_0475.jpg,0.536709,1.202532,-1.227848,-2.708861,0.869620,-1.968354,0.332911,0.740506,-0.392405,-3.202532,1.443038,1.417722,272.00,308.00,79.00,79.00
IMG_0476.jpg,0.683544,1.594937,-1.075949,-3.607595,1.139241,-2.341772,0.455696,1.265823,0.202532,-3.620253,1.189873,0.582278,272.00,308.00,79.00,79.00
IMG_0477.jpg,0.202532,1.316456,-0.448101,-3.430380,0.759494,-1.939241,0.556962,1.491139,-0.050633,-3.531646,0.974684,1.392405,272.00,308.00,79.00,79.00
IMG_0478.jpg,0.253165,1.367089,-0.518987,-3.063291,0.810127,-1.791139,0.556962,1.272152,-0.050633,-3.164557,1.126582,1.392405,272.00,308.00,79.00,79.00
IMG_0479.jpg,2.088608,2.848101,-3.329114,-3.430380,2.468354,-3.379747,0.379747,0.050633,1.797468,-3.151899,2.632911,1.265823,272.00,308.00,79.00,79.00
IMG_0480.jpg,0.443038,1.367089,-0.835443,-2.632911,0.905063,-1.734177,0.462025,0.898734,-0.215190,-2.873418,1.113924,0.962025,272.00,308.00,79.00,79.00
IMG_0481.jpg,0.253165,1.848101,-0.594937,-1.291139,1.050633,-0.943038,0.797468,0.348101,0.443038,-3.645570,0.936709,1.265823,272.00,308.00,79.00,79.00
IMG_0482.jpg,0.291139,0.936709,-1.979747,-3.417722,0.613924,-2.698734,0.322785,0.718987,0.379747,-3.367089,0.556962,1.468354,272.00,308.00,79.00,79.00
IMG_0483.jpg,0.392405,1.582278,-0.860759,-3.227848,0.987342,-2.044304,0.594937,1.183544,0.113924,-3.177215,1.050633,1.113924,272.00,308.00,79.00,79.00
IMG_0484.jpg,0.430380,1.227848,-1.063291,-2.924051,0.829114,-1.993671,0.398734,0.930380,-0.177215,-3.177215,1.189873,1.265823,272.00,308.00,79.00,79.00
IMG_0485.jpg,0.088608,2.987342,-0.063291,-2.329114,1.537975,-1.196203,1.449367,1.132911,3.025316,-0.025316,0.873418,1.139241,272.00,308.00,79.00,79.00
IMG_0486.jpg,0.721519,1.518987,-1.544304,-2.974684,1.120253,-2.259494,0.398734,0.715190,-0.139241,-3.151899,1.291139,0.822785,272.00,308.00,79.00,79.00
IMG_0487.jpg,0.278481,1.126582,-1.012658,-3.392405,0.702532,-2.202532,0.424051,1.189873,0.202532,-3.278481,0.886076,1.468354,272.00,308.00,79.00,79.00
IMG_0488.jpg,0.367089,1.101266,-1.088608,-3.215190,0.734177,-2.151899,0.367089,1.063291,-0.139241,-3.417722,0.974684,1.265823,272.00,308.00,79.00,79.00
IMG_0489.jpg,0.582278,1.341772,-2.151899,-3.240506,0.962025,-2.696203,0.379747,0.544304,0.443038,-3.025316,1.012658,0.911392,272.00,308.00,79.00,79.00
IMG_0490.jpg,nan,nan,-1.708861,-1.835443,nan,-1.772152,nan,0.063291,0.455696,-1.683544,0.822785,-0.354430,272.00,308.00,79.00,79.00
IMG_0491.jpg,0.116456,1.972152,-0.164557,-3.481013,1.044304,-1.822785,0.927848,1.658228,-0.126582,-3.658228,1.455696,2.037975,272.00,308.00,79.00,79.00
IMG_0492.jpg,1.151899,2.139241,-1.139241,-2.164557,1.645570,-1.651899,0.493671,0.512658,3.341772,0.822785,-2.253165,-2.886076,272.00,308.00,79.00,79.00
IMG_0493.jpg,-0.456962,0.987342,0.493671,-0.898734,0.265190,-0.202532,0.722152,0.696203,3.253165,1.506329,-2.025316,-1.354430,272.00,308.00,79.00,79.00
IMG_0494.jpg,0.329114,0.974684,-2.126582,-3.265823,0.651899,-2.696203,0.322785,0.569620,0.443038,-3.189873,0.670886,1.303797,272.00,308.00,79.00,79.00
IMG_0495.jpg,nan,nan,-1.645570,-1.772152,nan,-1.708861,nan,0.063291,0.443038,-1.683544,-0.164557,-1.101266,272.00,308.00,79.00,79.00
IMG_0496.jpg,0.481013,1.265823,-1.355696,-3.101266,0.873418,-2.228481,0.392405,0.872785,0.000000,-3.164557,1.037975,1.050633,272.00,308.00,79.00,79.00
IMG_0497.jpg,0.202532,1.531646,-0.468354,-3.367089,0.867089,-1.917722,0.664557,1.449367,0.405063,-3.126582,0.886076,1.291139,272.00,308.00,79.00,79.00
IMG_0498.jpg,0.607595,1.354430,-2.067089,-3.616456,0.981013,-2.841772,0.373418,0.774684,0.126582,-3.620253,1.354430,1.645570,272.00,308.00,79.00,79.00
IMG_0499.jpg,0.215190,1.012658,-0.632911,-2.164557,0.613924,-1.398734,0.398734,0.765823,0.189873,-2.088608,0.582278,1.430380,272.00,308.00,79.00,79.00
IMG_0500.jpg,0.822785,1.379747,-2.025316,-2.974684,1.101266,-2.500000,0.278481,0.474684,-0.139241,-3.151899,1.405063,0.987342,272.00,308.00,79.00,79.00
