x_px,y_px,H_star,B_star,U_H_V,U_B_V
166.0,3.0,0.6435643564356436,0.97,0.5148514851485149,0.0776
171.0,3.0,0.693069306930693,0.97,0.5544554455445544,0.0776
167.0,4.0,0.6534653465346535,0.96,0.5227722772277228,0.0768
170.0,4.0,0.6831683168316832,0.96,0.5465346534653466,0.0768
156.0,5.0,0.5445544554455446,0.95,0.4356435643564357,0.076
166.0,5.0,0.6435643564356436,0.95,0.5148514851485149,0.076
167.0,5.0,0.6534653465346535,0.95,0.5227722772277228,0.076
169.0,5.0,0.6732673267326733,0.95,0.5386138613861386,0.076
157.0,6.0,0.5544554455445545,0.94,0.4435643564356436,0.0752
162.0,6.0,0.6039603960396039,0.94,0.48316831683168315,0.0752
163.0,6.0,0.6138613861386139,0.94,0.4910891089108911,0.0752
164.0,6.0,0.6237623762376238,0.94,0.499009900990099,0.0752
170.0,6.0,0.6831683168316832,0.94,0.5465346534653466,0.0752
158.0,7.0,0.5643564356435643,0.93,0.45148514851485144,0.07440000000000001
159.0,7.0,0.5742574257425742,0.93,0.45940594059405937,0.07440000000000001
160.0,7.0,0.5841584158415841,0.93,0.4673267326732673,0.07440000000000001
170.0,7.0,0.6831683168316832,0.93,0.5465346534653466,0.07440000000000001
157.0,8.0,0.5544554455445545,0.92,0.4435643564356436,0.0736
159.0,8.0,0.5742574257425742,0.92,0.45940594059405937,0.0736
169.0,8.0,0.6732673267326733,0.92,0.5386138613861386,0.0736
170.0,8.0,0.6831683168316832,0.92,0.5465346534653466,0.0736
147.0,9.0,0.45544554455445546,0.91,0.3643564356435644,0.0728
148.0,9.0,0.46534653465346537,0.91,0.37227722772277233,0.0728
149.0,9.0,0.4752475247524752,0.91,0.3801980198019802,0.0728
150.0,9.0,0.48514851485148514,0.91,0.38811881188118813,0.0728
151.0,9.0,0.49504950495049505,0.91,0.39603960396039606,0.0728
152.0,9.0,0.504950495049505,0.91,0.403960396039604,0.0728
153.0,9.0,0.5148514851485149,0.91,0.4118811881188119,0.0728
154.0,9.0,0.5247524752475248,0.91,0.41980198019801984,0.0728
155.0,9.0,0.5346534653465347,0.91,0.42772277227722777,0.0728
156.0,9.0,0.5445544554455446,0.91,0.4356435643564357,0.0728
169.0,9.0,0.6732673267326733,0.91,0.5386138613861386,0.0728
170.0,9.0,0.6831683168316832,0.91,0.5465346534653466,0.0728
144.0,10.0,0.42574257425742573,0.9,0.3405940594059406,0.07200000000000001
145.0,10.0,0.43564356435643564,0.9,0.34851485148514855,0.07200000000000001
146.0,10.0,0.44554455445544555,0.9,0.3564356435643565,0.07200000000000001
169.0,10.0,0.6732673267326733,0.9,0.5386138613861386,0.07200000000000001
143.0,11.0,0.4158415841584158,0.89,0.3326732673267327,0.0712
144.0,11.0,0.42574257425742573,0.89,0.3405940594059406,0.0712
168.0,11.0,0.6633663366336634,0.89,0.5306930693069307,0.0712
170.0,11.0,0.6831683168316832,0.89,0.5465346534653466,0.0712
141.0,12.0,0.39603960396039606,0.88,0.3168316831683169,0.0704
142.0,12.0,0.40594059405940597,0.88,0.3247524752475248,0.0704
167.0,12.0,0.6534653465346535,0.88,0.5227722772277228,0.0704
135.0,13.0,0.33663366336633666,0.87,0.2693069306930693,0.0696
136.0,13.0,0.3465346534653465,0.87,0.2772277227722772,0.0696
137.0,13.0,0.3564356435643564,0.87,0.2851485148514851,0.0696
138.0,13.0,0.36633663366336633,0.87,0.29306930693069305,0.0696
139.0,13.0,0.37623762376237624,0.87,0.30099009900990104,0.0696
140.0,13.0,0.38613861386138615,0.87,0.30891089108910896,0.0696
168.0,13.0,0.6633663366336634,0.87,0.5306930693069307,0.0696
133.0,14.0,0.31683168316831684,0.86,0.25346534653465347,0.0688
134.0,14.0,0.32673267326732675,0.86,0.2613861386138614,0.0688
136.0,14.0,0.3465346534653465,0.86,0.2772277227722772,0.0688
137.0,14.0,0.3564356435643564,0.86,0.2851485148514851,0.0688
138.0,14.0,0.36633663366336633,0.86,0.29306930693069305,0.0688
139.0,14.0,0.37623762376237624,0.86,0.30099009900990104,0.0688
167.0,14.0,0.6534653465346535,0.86,0.5227722772277228,0.0688
131.0,15.0,0.297029702970297,0.85,0.2376237623762376,0.068
132.0,15.0,0.3069306930693069,0.85,0.24554455445544554,0.068
167.0,15.0,0.6534653465346535,0.85,0.5227722772277228,0.068
129.0,16.0,0.27722772277227725,0.84,0.2217821782178218,0.0672
130.0,16.0,0.2871287128712871,0.84,0.22970297029702968,0.0672
168.0,16.0,0.6633663366336634,0.84,0.5306930693069307,0.0672
123.0,17.0,0.21782178217821782,0.83,0.17425742574257427,0.0664
126.0,17.0,0.24752475247524752,0.83,0.19801980198019803,0.0664
127.0,17.0,0.25742574257425743,0.83,0.20594059405940596,0.0664
128.0,17.0,0.26732673267326734,0.83,0.21386138613861388,0.0664
167.0,17.0,0.6534653465346535,0.83,0.5227722772277228,0.0664
124.0,18.0,0.22772277227722773,0.82,0.1821782178217822,0.06559999999999999
125.0,18.0,0.2376237623762376,0.82,0.1900990099009901,0.06559999999999999
126.0,18.0,0.24752475247524752,0.82,0.19801980198019803,0.06559999999999999
166.0,18.0,0.6435643564356436,0.82,0.5148514851485149,0.06559999999999999
124.0,19.0,0.22772277227722773,0.81,0.1821782178217822,0.06480000000000001
125.0,19.0,0.2376237623762376,0.81,0.1900990099009901,0.06480000000000001
165.0,19.0,0.6336633663366337,0.81,0.5069306930693069,0.06480000000000001
120.0,20.0,0.18811881188118812,0.8,0.15049504950495052,0.064
121.0,20.0,0.19801980198019803,0.8,0.15841584158415845,0.064
123.0,20.0,0.21782178217821782,0.8,0.17425742574257427,0.064
124.0,20.0,0.22772277227722773,0.8,0.1821782178217822,0.064
165.0,20.0,0.6336633663366337,0.8,0.5069306930693069,0.064
166.0,20.0,0.6435643564356436,0.8,0.5148514851485149,0.064
118.0,21.0,0.16831683168316833,0.79,0.13465346534653466,0.0632
119.0,21.0,0.1782178217821782,0.79,0.14257425742574256,0.0632
121.0,21.0,0.19801980198019803,0.79,0.15841584158415845,0.0632
122.0,21.0,0.2079207920792079,0.79,0.16633663366336635,0.0632
166.0,21.0,0.6435643564356436,0.79,0.5148514851485149,0.0632
117.0,22.0,0.15841584158415842,0.78,0.12673267326732673,0.062400000000000004
118.0,22.0,0.16831683168316833,0.78,0.13465346534653466,0.062400000000000004
165.0,22.0,0.6336633663366337,0.78,0.5069306930693069,0.062400000000000004
116.0,23.0,0.1485148514851485,0.77,0.1188118811881188,0.0616
117.0,23.0,0.15841584158415842,0.77,0.12673267326732673,0.0616
164.0,23.0,0.6237623762376238,0.77,0.499009900990099,0.0616
114.0,24.0,0.12871287128712872,0.76,0.10297029702970298,0.0608
115.0,24.0,0.13861386138613863,0.76,0.1108910891089109,0.0608
116.0,24.0,0.1485148514851485,0.76,0.1188118811881188,0.0608
117.0,24.0,0.15841584158415842,0.76,0.12673267326732673,0.0608
165.0,24.0,0.6336633663366337,0.76,0.5069306930693069,0.0608
112.0,25.0,0.10891089108910891,0.75,0.08712871287128714,0.06
113.0,25.0,0.1188118811881188,0.75,0.09504950495049505,0.06
160.0,25.0,0.5841584158415841,0.75,0.4673267326732673,0.06
164.0,25.0,0.6237623762376238,0.75,0.499009900990099,0.06
109.0,26.0,0.07920792079207921,0.74,0.06336633663366337,0.0592
110.0,26.0,0.0891089108910891,0.74,0.07128712871287128,0.0592
111.0,26.0,0.09900990099009901,0.74,0.07920792079207922,0.0592
161.0,26.0,0.594059405940594,0.74,0.4752475247524752,0.0592
162.0,26.0,0.6039603960396039,0.74,0.48316831683168315,0.0592
163.0,26.0,0.6138613861386139,0.74,0.4910891089108911,0.0592
109.0,27.0,0.07920792079207921,0.73,0.06336633663366337,0.0584
110.0,27.0,0.0891089108910891,0.73,0.07128712871287128,0.0584
162.0,27.0,0.6039603960396039,0.73,0.48316831683168315,0.0584
108.0,28.0,0.06930693069306931,0.72,0.05544554455445545,0.0576
163.0,28.0,0.6138613861386139,0.72,0.4910891089108911,0.0576
105.0,29.0,0.039603960396039604,0.71,0.031683168316831684,0.056799999999999996
106.0,29.0,0.04950495049504951,0.71,0.03960396039603961,0.056799999999999996
162.0,29.0,0.6039603960396039,0.71,0.48316831683168315,0.056799999999999996
163.0,29.0,0.6138613861386139,0.71,0.4910891089108911,0.056799999999999996
104.0,30.0,0.0297029702970297,0.7,0.023762376237623763,0.055999999999999994
105.0,30.0,0.039603960396039604,0.7,0.031683168316831684,0.055999999999999994
162.0,30.0,0.6039603960396039,0.7,0.48316831683168315,0.055999999999999994
103.0,31.0,0.019801980198019802,0.69,0.015841584158415842,0.0552
104.0,31.0,0.0297029702970297,0.69,0.023762376237623763,0.0552
161.0,31.0,0.594059405940594,0.69,0.4752475247524752,0.0552
102.0,32.0,0.009900990099009901,0.68,0.007920792079207921,0.054400000000000004
103.0,32.0,0.019801980198019802,0.68,0.015841584158415842,0.054400000000000004
160.0,32.0,0.5841584158415841,0.68,0.4673267326732673,0.054400000000000004
101.0,33.0,0.0,0.67,0.0,0.0536
102.0,33.0,0.009900990099009901,0.67,0.007920792079207921,0.0536
104.0,33.0,0.0297029702970297,0.67,0.023762376237623763,0.0536
159.0,33.0,0.5742574257425742,0.67,0.45940594059405937,0.0536
101.0,34.0,0.0,0.66,0.0,0.05280000000000001
159.0,34.0,0.5742574257425742,0.66,0.45940594059405937,0.05280000000000001
160.0,34.0,0.5841584158415841,0.66,0.4673267326732673,0.05280000000000001
100.0,35.0,-0.009900990099009901,0.65,-0.007920792079207921,0.052000000000000005
159.0,35.0,0.5742574257425742,0.65,0.45940594059405937,0.052000000000000005
160.0,35.0,0.5841584158415841,0.65,0.4673267326732673,0.052000000000000005
96.0,36.0,-0.04950495049504951,0.64,-0.03960396039603961,0.0512
98.0,36.0,-0.0297029702970297,0.64,-0.023762376237623763,0.0512
99.0,36.0,-0.019801980198019802,0.64,-0.015841584158415842,0.0512
160.0,36.0,0.5841584158415841,0.64,0.4673267326732673,0.0512
97.0,37.0,-0.039603960396039604,0.63,-0.031683168316831684,0.0504
98.0,37.0,-0.0297029702970297,0.63,-0.023762376237623763,0.0504
99.0,37.0,-0.019801980198019802,0.63,-0.015841584158415842,0.0504
159.0,37.0,0.5742574257425742,0.63,0.45940594059405937,0.0504
96.0,38.0,-0.04950495049504951,0.62,-0.03960396039603961,0.0496
158.0,38.0,0.5643564356435643,0.62,0.45148514851485144,0.0496
95.0,39.0,-0.0594059405940594,0.61,-0.047524752475247525,0.0488
158.0,39.0,0.5643564356435643,0.61,0.45148514851485144,0.0488
159.0,39.0,0.5742574257425742,0.61,0.45940594059405937,0.0488
94.0,40.0,-0.06930693069306931,0.6,-0.05544554455445545,0.048
159.0,40.0,0.5742574257425742,0.6,0.45940594059405937,0.048
93.0,41.0,-0.07920792079207921,0.59,-0.06336633663366337,0.0472
94.0,41.0,-0.06930693069306931,0.59,-0.05544554455445545,0.0472
158.0,41.0,0.5643564356435643,0.59,0.45148514851485144,0.0472
93.0,42.0,-0.07920792079207921,0.58,-0.06336633663366337,0.0464
89.0,43.0,-0.1188118811881188,0.57,-0.09504950495049505,0.045599999999999995
92.0,43.0,-0.0891089108910891,0.57,-0.07128712871287128,0.045599999999999995
93.0,43.0,-0.07920792079207921,0.57,-0.06336633663366337,0.045599999999999995
154.0,43.0,0.5247524752475248,0.57,0.41980198019801984,0.045599999999999995
157.0,43.0,0.5544554455445545,0.57,0.4435643564356436,0.045599999999999995
90.0,44.0,-0.10891089108910891,0.56,-0.08712871287128714,0.044800000000000006
91.0,44.0,-0.09900990099009901,0.56,-0.07920792079207922,0.044800000000000006
92.0,44.0,-0.0891089108910891,0.56,-0.07128712871287128,0.044800000000000006
155.0,44.0,0.5346534653465347,0.56,0.42772277227722777,0.044800000000000006
156.0,44.0,0.5445544554455446,0.56,0.4356435643564357,0.044800000000000006
89.0,45.0,-0.1188118811881188,0.55,-0.09504950495049505,0.044000000000000004
90.0,45.0,-0.10891089108910891,0.55,-0.08712871287128714,0.044000000000000004
155.0,45.0,0.5346534653465347,0.55,0.42772277227722777,0.044000000000000004
88.0,46.0,-0.12871287128712872,0.54,-0.10297029702970298,0.0432
154.0,46.0,0.5247524752475248,0.54,0.41980198019801984,0.0432
154.0,47.0,0.5247524752475248,0.53,0.41980198019801984,0.0424
155.0,47.0,0.5346534653465347,0.53,0.42772277227722777,0.0424
87.0,48.0,-0.13861386138613863,0.52,-0.1108910891089109,0.041600000000000005
154.0,48.0,0.5247524752475248,0.52,0.41980198019801984,0.041600000000000005
155.0,48.0,0.5346534653465347,0.52,0.42772277227722777,0.041600000000000005
86.0,49.0,-0.1485148514851485,0.51,-0.1188118811881188,0.0408
154.0,49.0,0.5247524752475248,0.51,0.41980198019801984,0.0408
155.0,49.0,0.5346534653465347,0.51,0.42772277227722777,0.0408
86.0,50.0,-0.1485148514851485,0.5,-0.1188118811881188,0.04
154.0,50.0,0.5247524752475248,0.5,0.41980198019801984,0.04
155.0,50.0,0.5346534653465347,0.5,0.42772277227722777,0.04
85.0,51.0,-0.15841584158415842,0.49,-0.12673267326732673,0.0392
86.0,51.0,-0.1485148514851485,0.49,-0.1188118811881188,0.0392
155.0,51.0,0.5346534653465347,0.49,0.42772277227722777,0.0392
85.0,52.0,-0.15841584158415842,0.48,-0.12673267326732673,0.0384
154.0,52.0,0.5247524752475248,0.48,0.41980198019801984,0.0384
84.0,53.0,-0.16831683168316833,0.47,-0.13465346534653466,0.0376
85.0,53.0,-0.15841584158415842,0.47,-0.12673267326732673,0.0376
153.0,53.0,0.5148514851485149,0.47,0.4118811881188119,0.0376
84.0,54.0,-0.16831683168316833,0.46,-0.13465346534653466,0.0368
85.0,54.0,-0.15841584158415842,0.46,-0.12673267326732673,0.0368
153.0,54.0,0.5148514851485149,0.46,0.4118811881188119,0.0368
154.0,54.0,0.5247524752475248,0.46,0.41980198019801984,0.0368
80.0,55.0,-0.2079207920792079,0.45,-0.16633663366336635,0.036000000000000004
83.0,55.0,-0.1782178217821782,0.45,-0.14257425742574256,0.036000000000000004
84.0,55.0,-0.16831683168316833,0.45,-0.13465346534653466,0.036000000000000004
85.0,55.0,-0.15841584158415842,0.45,-0.12673267326732673,0.036000000000000004
154.0,55.0,0.5247524752475248,0.45,0.41980198019801984,0.036000000000000004
81.0,56.0,-0.19801980198019803,0.44,-0.15841584158415845,0.0352
82.0,56.0,-0.18811881188118812,0.44,-0.15049504950495052,0.0352
153.0,56.0,0.5148514851485149,0.44,0.4118811881188119,0.0352
81.0,57.0,-0.19801980198019803,0.43,-0.15841584158415845,0.0344
81.0,58.0,-0.19801980198019803,0.42,-0.15841584158415845,0.0336
152.0,58.0,0.504950495049505,0.42,0.403960396039604,0.0336
80.0,59.0,-0.2079207920792079,0.41,-0.16633663366336635,0.032799999999999996
81.0,59.0,-0.19801980198019803,0.41,-0.15841584158415845,0.032799999999999996
151.0,59.0,0.49504950495049505,0.41,0.39603960396039606,0.032799999999999996
80.0,60.0,-0.2079207920792079,0.4,-0.16633663366336635,0.032
81.0,60.0,-0.19801980198019803,0.4,-0.15841584158415845,0.032
150.0,60.0,0.48514851485148514,0.4,0.38811881188118813,0.032
80.0,61.0,-0.2079207920792079,0.39,-0.16633663366336635,0.031200000000000002
79.0,62.0,-0.21782178217821782,0.38,-0.17425742574257427,0.0304
149.0,62.0,0.4752475247524752,0.38,0.3801980198019802,0.0304
149.0,63.0,0.4752475247524752,0.37,0.3801980198019802,0.0296
76.0,64.0,-0.24752475247524752,0.36,-0.19801980198019803,0.0288
78.0,64.0,-0.22772277227722773,0.36,-0.1821782178217822,0.0288
150.0,64.0,0.48514851485148514,0.36,0.38811881188118813,0.0288
77.0,65.0,-0.2376237623762376,0.35,-0.1900990099009901,0.027999999999999997
78.0,65.0,-0.22772277227722773,0.35,-0.1821782178217822,0.027999999999999997
150.0,65.0,0.48514851485148514,0.35,0.38811881188118813,0.027999999999999997
77.0,66.0,-0.2376237623762376,0.34,-0.1900990099009901,0.027200000000000002
77.0,67.0,-0.2376237623762376,0.33,-0.1900990099009901,0.026400000000000003
149.0,67.0,0.4752475247524752,0.33,0.3801980198019802,0.026400000000000003
76.0,68.0,-0.24752475247524752,0.32,-0.19801980198019803,0.0256
77.0,69.0,-0.2376237623762376,0.31,-0.1900990099009901,0.0248
148.0,69.0,0.46534653465346537,0.31,0.37227722772277233,0.0248
76.0,70.0,-0.24752475247524752,0.3,-0.19801980198019803,0.024
147.0,70.0,0.45544554455445546,0.3,0.3643564356435644,0.024
75.0,71.0,-0.25742574257425743,0.29,-0.20594059405940596,0.0232
76.0,71.0,-0.24752475247524752,0.29,-0.19801980198019803,0.0232
147.0,71.0,0.45544554455445546,0.29,0.3643564356435644,0.0232
148.0,71.0,0.46534653465346537,0.29,0.37227722772277233,0.0232
75.0,72.0,-0.25742574257425743,0.28,-0.20594059405940596,0.022400000000000003
76.0,72.0,-0.24752475247524752,0.28,-0.19801980198019803,0.022400000000000003
148.0,72.0,0.46534653465346537,0.28,0.37227722772277233,0.022400000000000003
75.0,73.0,-0.25742574257425743,0.27,-0.20594059405940596,0.0216
76.0,73.0,-0.24752475247524752,0.27,-0.19801980198019803,0.0216
147.0,73.0,0.45544554455445546,0.27,0.3643564356435644,0.0216
75.0,74.0,-0.25742574257425743,0.26,-0.20594059405940596,0.020800000000000003
77.0,74.0,-0.2376237623762376,0.26,-0.1900990099009901,0.020800000000000003
74.0,75.0,-0.26732673267326734,0.25,-0.21386138613861388,0.02
78.0,75.0,-0.22772277227722773,0.25,-0.1821782178217822,0.02
146.0,75.0,0.44554455445544555,0.25,0.3564356435643565,0.02
73.0,76.0,-0.27722772277227725,0.24,-0.2217821782178218,0.0192
73.0,77.0,-0.27722772277227725,0.23,-0.2217821782178218,0.0184
74.0,77.0,-0.26732673267326734,0.23,-0.21386138613861388,0.0184
145.0,77.0,0.43564356435643564,0.23,0.34851485148514855,0.0184
73.0,78.0,-0.27722772277227725,0.22,-0.2217821782178218,0.0176
74.0,78.0,-0.26732673267326734,0.22,-0.21386138613861388,0.0176
144.0,78.0,0.42574257425742573,0.22,0.3405940594059406,0.0176
73.0,79.0,-0.27722772277227725,0.21,-0.2217821782178218,0.0168
74.0,79.0,-0.26732673267326734,0.21,-0.21386138613861388,0.0168
145.0,79.0,0.43564356435643564,0.21,0.34851485148514855,0.0168
73.0,80.0,-0.27722772277227725,0.2,-0.2217821782178218,0.016
74.0,80.0,-0.26732673267326734,0.2,-0.21386138613861388,0.016
144.0,80.0,0.42574257425742573,0.2,0.3405940594059406,0.016
74.0,81.0,-0.26732673267326734,0.19,-0.21386138613861388,0.0152
143.0,81.0,0.4158415841584158,0.19,0.3326732673267327,0.0152
73.0,82.0,-0.27722772277227725,0.18,-0.2217821782178218,0.0144
143.0,82.0,0.4158415841584158,0.18,0.3326732673267327,0.0144
144.0,82.0,0.42574257425742573,0.18,0.3405940594059406,0.0144
72.0,83.0,-0.2871287128712871,0.17,-0.22970297029702968,0.013600000000000001
143.0,83.0,0.4158415841584158,0.17,0.3326732673267327,0.013600000000000001
144.0,83.0,0.42574257425742573,0.17,0.3405940594059406,0.013600000000000001
72.0,84.0,-0.2871287128712871,0.16,-0.22970297029702968,0.0128
73.0,84.0,-0.27722772277227725,0.16,-0.2217821782178218,0.0128
143.0,84.0,0.4158415841584158,0.16,0.3326732673267327,0.0128
144.0,84.0,0.42574257425742573,0.16,0.3405940594059406,0.0128
73.0,85.0,-0.27722772277227725,0.15,-0.2217821782178218,0.012
143.0,85.0,0.4158415841584158,0.15,0.3326732673267327,0.012
144.0,85.0,0.42574257425742573,0.15,0.3405940594059406,0.012
72.0,86.0,-0.2871287128712871,0.14,-0.22970297029702968,0.011200000000000002
144.0,86.0,0.42574257425742573,0.14,0.3405940594059406,0.011200000000000002
71.0,87.0,-0.297029702970297,0.13,-0.2376237623762376,0.010400000000000001
73.0,87.0,-0.27722772277227725,0.13,-0.2217821782178218,0.010400000000000001
140.0,87.0,0.38613861386138615,0.13,0.30891089108910896,0.010400000000000001
143.0,87.0,0.4158415841584158,0.13,0.3326732673267327,0.010400000000000001
70.0,88.0,-0.3069306930693069,0.12,-0.24554455445544554,0.0096
141.0,88.0,0.39603960396039606,0.12,0.3168316831683169,0.0096
142.0,88.0,0.40594059405940597,0.12,0.3247524752475248,0.0096
144.0,88.0,0.42574257425742573,0.12,0.3405940594059406,0.0096
70.0,89.0,-0.3069306930693069,0.11,-0.24554455445544554,0.0088
71.0,89.0,-0.297029702970297,0.11,-0.2376237623762376,0.0088
71.0,90.0,-0.297029702970297,0.1,-0.2376237623762376,0.008
141.0,90.0,0.39603960396039606,0.1,0.3168316831683169,0.008
142.0,90.0,0.40594059405940597,0.1,0.3247524752475248,0.008
68.0,91.0,-0.32673267326732675,0.09,-0.2613861386138614,0.0072
70.0,91.0,-0.3069306930693069,0.09,-0.24554455445544554,0.0072
142.0,91.0,0.40594059405940597,0.09,0.3247524752475248,0.0072
67.0,92.0,-0.33663366336633666,0.08,-0.2693069306930693,0.0064
69.0,92.0,-0.31683168316831684,0.08,-0.25346534653465347,0.0064
141.0,92.0,0.39603960396039606,0.08,0.3168316831683169,0.0064
66.0,93.0,-0.3465346534653465,0.07,-0.2772277227722772,0.005600000000000001
67.0,94.0,-0.33663366336633666,0.06,-0.2693069306930693,0.0048
140.0,94.0,0.38613861386138615,0.06,0.30891089108910896,0.0048
68.0,95.0,-0.32673267326732675,0.05,-0.2613861386138614,0.004
139.0,95.0,0.37623762376237624,0.05,0.30099009900990104,0.004
67.0,96.0,-0.33663366336633666,0.04,-0.2693069306930693,0.0032
68.0,96.0,-0.32673267326732675,0.04,-0.2613861386138614,0.0032
139.0,96.0,0.37623762376237624,0.04,0.30099009900990104,0.0032
140.0,96.0,0.38613861386138615,0.04,0.30891089108910896,0.0032
67.0,97.0,-0.33663366336633666,0.03,-0.2693069306930693,0.0024
68.0,97.0,-0.32673267326732675,0.03,-0.2613861386138614,0.0024
139.0,97.0,0.37623762376237624,0.03,0.30099009900990104,0.0024
140.0,97.0,0.38613861386138615,0.03,0.30891089108910896,0.0024
68.0,98.0,-0.32673267326732675,0.02,-0.2613861386138614,0.0016
139.0,98.0,0.37623762376237624,0.02,0.30099009900990104,0.0016
140.0,98.0,0.38613861386138615,0.02,0.30891089108910896,0.0016
67.0,99.0,-0.33663366336633666,0.01,-0.2693069306930693,0.0008
139.0,99.0,0.37623762376237624,0.01,0.30099009900990104,0.0008
140.0,99.0,0.38613861386138615,0.01,0.30891089108910896,0.0008
66.0,100.0,-0.3465346534653465,-0.0,-0.2772277227722772,-0.0
139.0,100.0,0.37623762376237624,-0.0,0.30099009900990104,-0.0
140.0,100.0,0.38613861386138615,-0.0,0.30891089108910896,-0.0
65.0,101.0,-0.3564356435643564,-0.01,-0.2851485148514851,-0.0008
140.0,101.0,0.38613861386138615,-0.01,0.30891089108910896,-0.0008
64.0,102.0,-0.36633663366336633,-0.02,-0.29306930693069305,-0.0016
139.0,102.0,0.37623762376237624,-0.02,0.30099009900990104,-0.0016
64.0,103.0,-0.36633663366336633,-0.03,-0.29306930693069305,-0.0024
65.0,103.0,-0.3564356435643564,-0.03,-0.2851485148514851,-0.0024
64.0,104.0,-0.36633663366336633,-0.04,-0.29306930693069305,-0.0032
65.0,104.0,-0.3564356435643564,-0.04,-0.2851485148514851,-0.0032
138.0,104.0,0.36633663366336633,-0.04,0.29306930693069305,-0.0032
64.0,105.0,-0.36633663366336633,-0.05,-0.29306930693069305,-0.004
65.0,105.0,-0.3564356435643564,-0.05,-0.2851485148514851,-0.004
64.0,106.0,-0.36633663366336633,-0.06,-0.29306930693069305,-0.0048
65.0,106.0,-0.3564356435643564,-0.06,-0.2851485148514851,-0.0048
137.0,106.0,0.3564356435643564,-0.06,0.2851485148514851,-0.0048
65.0,107.0,-0.3564356435643564,-0.07,-0.2851485148514851,-0.005600000000000001
136.0,107.0,0.3465346534653465,-0.07,0.2772277227722772,-0.005600000000000001
64.0,108.0,-0.36633663366336633,-0.08,-0.29306930693069305,-0.0064
137.0,108.0,0.3564356435643564,-0.08,0.2851485148514851,-0.0064
63.0,109.0,-0.37623762376237624,-0.09,-0.30099009900990104,-0.0072
136.0,109.0,0.3465346534653465,-0.09,0.2772277227722772,-0.0072
63.0,110.0,-0.37623762376237624,-0.1,-0.30099009900990104,-0.008
64.0,110.0,-0.36633663366336633,-0.1,-0.29306930693069305,-0.008
63.0,111.0,-0.37623762376237624,-0.11,-0.30099009900990104,-0.0088
64.0,111.0,-0.36633663366336633,-0.11,-0.29306930693069305,-0.0088
135.0,111.0,0.33663366336633666,-0.11,0.2693069306930693,-0.0088
64.0,112.0,-0.36633663366336633,-0.12,-0.29306930693069305,-0.0096
63.0,113.0,-0.37623762376237624,-0.13,-0.30099009900990104,-0.010400000000000001
134.0,113.0,0.32673267326732675,-0.13,0.2613861386138614,-0.010400000000000001
62.0,114.0,-0.38613861386138615,-0.14,-0.30891089108910896,-0.011200000000000002
134.0,114.0,0.32673267326732675,-0.14,0.2613861386138614,-0.011200000000000002
62.0,115.0,-0.38613861386138615,-0.15,-0.30891089108910896,-0.012
63.0,115.0,-0.37623762376237624,-0.15,-0.30099009900990104,-0.012
134.0,115.0,0.32673267326732675,-0.15,0.2613861386138614,-0.012
63.0,116.0,-0.37623762376237624,-0.16,-0.30099009900990104,-0.0128
133.0,116.0,0.31683168316831684,-0.16,0.25346534653465347,-0.0128
62.0,117.0,-0.38613861386138615,-0.17,-0.30891089108910896,-0.013600000000000001
134.0,117.0,0.32673267326732675,-0.17,0.2613861386138614,-0.013600000000000001
61.0,118.0,-0.39603960396039606,-0.18,-0.3168316831683169,-0.0144
133.0,118.0,0.31683168316831684,-0.18,0.25346534653465347,-0.0144
61.0,119.0,-0.39603960396039606,-0.19,-0.3168316831683169,-0.0152
62.0,119.0,-0.38613861386138615,-0.19,-0.30891089108910896,-0.0152
131.0,119.0,0.297029702970297,-0.19,0.2376237623762376,-0.0152
132.0,119.0,0.3069306930693069,-0.19,0.24554455445544554,-0.0152
61.0,120.0,-0.39603960396039606,-0.2,-0.3168316831683169,-0.016
62.0,120.0,-0.38613861386138615,-0.2,-0.30891089108910896,-0.016
131.0,120.0,0.297029702970297,-0.2,0.2376237623762376,-0.016
132.0,120.0,0.3069306930693069,-0.2,0.24554455445544554,-0.016
62.0,121.0,-0.38613861386138615,-0.21,-0.30891089108910896,-0.0168
131.0,121.0,0.297029702970297,-0.21,0.2376237623762376,-0.0168
132.0,121.0,0.3069306930693069,-0.21,0.24554455445544554,-0.0168
61.0,122.0,-0.39603960396039606,-0.22,-0.3168316831683169,-0.0176
131.0,122.0,0.297029702970297,-0.22,0.2376237623762376,-0.0176
132.0,122.0,0.3069306930693069,-0.22,0.24554455445544554,-0.0176
60.0,123.0,-0.40594059405940597,-0.23,-0.3247524752475248,-0.0184
62.0,123.0,-0.38613861386138615,-0.23,-0.30891089108910896,-0.0184
130.0,123.0,0.2871287128712871,-0.23,0.22970297029702968,-0.0184
133.0,123.0,0.31683168316831684,-0.23,0.25346534653465347,-0.0184
129.0,124.0,0.27722772277227725,-0.24,0.2217821782178218,-0.0192
59.0,125.0,-0.4158415841584158,-0.25,-0.3326732673267327,-0.02
129.0,125.0,0.27722772277227725,-0.25,0.2217821782178218,-0.02
130.0,125.0,0.2871287128712871,-0.25,0.22970297029702968,-0.02
58.0,126.0,-0.42574257425742573,-0.26,-0.3405940594059406,-0.020800000000000003
129.0,126.0,0.27722772277227725,-0.26,0.2217821782178218,-0.020800000000000003
130.0,126.0,0.2871287128712871,-0.26,0.22970297029702968,-0.020800000000000003
58.0,127.0,-0.42574257425742573,-0.27,-0.3405940594059406,-0.0216
59.0,127.0,-0.4158415841584158,-0.27,-0.3326732673267327,-0.0216
130.0,127.0,0.2871287128712871,-0.27,0.22970297029702968,-0.0216
58.0,128.0,-0.42574257425742573,-0.28,-0.3405940594059406,-0.022400000000000003
59.0,128.0,-0.4158415841584158,-0.28,-0.3326732673267327,-0.022400000000000003
129.0,128.0,0.27722772277227725,-0.28,0.2217821782178218,-0.022400000000000003
59.0,129.0,-0.4158415841584158,-0.29,-0.3326732673267327,-0.0232
58.0,130.0,-0.42574257425742573,-0.3,-0.3405940594059406,-0.024
128.0,130.0,0.26732673267326734,-0.3,0.21386138613861388,-0.024
127.0,131.0,0.25742574257425743,-0.31,0.20594059405940596,-0.0248
57.0,132.0,-0.43564356435643564,-0.32,-0.34851485148514855,-0.0256
128.0,132.0,0.26732673267326734,-0.32,0.21386138613861388,-0.0256
56.0,133.0,-0.44554455445544555,-0.33,-0.3564356435643565,-0.026400000000000003
58.0,133.0,-0.42574257425742573,-0.33,-0.3405940594059406,-0.026400000000000003
127.0,133.0,0.25742574257425743,-0.33,0.20594059405940596,-0.026400000000000003
126.0,134.0,0.24752475247524752,-0.34,0.19801980198019803,-0.027200000000000002
55.0,135.0,-0.45544554455445546,-0.35,-0.3643564356435644,-0.027999999999999997
124.0,135.0,0.22772277227722773,-0.35,0.1821782178217822,-0.027999999999999997
125.0,135.0,0.2376237623762376,-0.35,0.1900990099009901,-0.027999999999999997
126.0,135.0,0.24752475247524752,-0.35,0.19801980198019803,-0.027999999999999997
124.0,136.0,0.22772277227722773,-0.36,0.1821782178217822,-0.0288
125.0,136.0,0.2376237623762376,-0.36,0.1900990099009901,-0.0288
54.0,137.0,-0.46534653465346537,-0.37,-0.37227722772277233,-0.0296
124.0,137.0,0.22772277227722773,-0.37,0.1821782178217822,-0.0296
54.0,138.0,-0.46534653465346537,-0.38,-0.37227722772277233,-0.0304
123.0,138.0,0.21782178217821782,-0.38,0.17425742574257427,-0.0304
55.0,139.0,-0.45544554455445546,-0.39,-0.3643564356435644,-0.031200000000000002
123.0,139.0,0.21782178217821782,-0.39,0.17425742574257427,-0.031200000000000002
124.0,139.0,0.22772277227722773,-0.39,0.1821782178217822,-0.031200000000000002
54.0,140.0,-0.46534653465346537,-0.4,-0.37227722772277233,-0.032
55.0,140.0,-0.45544554455445546,-0.4,-0.3643564356435644,-0.032
123.0,140.0,0.21782178217821782,-0.4,0.17425742574257427,-0.032
124.0,140.0,0.22772277227722773,-0.4,0.1821782178217822,-0.032
55.0,141.0,-0.45544554455445546,-0.41,-0.3643564356435644,-0.032799999999999996
123.0,141.0,0.21782178217821782,-0.41,0.17425742574257427,-0.032799999999999996
124.0,141.0,0.22772277227722773,-0.41,0.1821782178217822,-0.032799999999999996
54.0,142.0,-0.46534653465346537,-0.42,-0.37227722772277233,-0.0336
123.0,142.0,0.21782178217821782,-0.42,0.17425742574257427,-0.0336
124.0,142.0,0.22772277227722773,-0.42,0.1821782178217822,-0.0336
53.0,143.0,-0.4752475247524752,-0.43,-0.3801980198019802,-0.0344
124.0,143.0,0.22772277227722773,-0.43,0.1821782178217822,-0.0344
52.0,144.0,-0.48514851485148514,-0.44,-0.38811881188118813,-0.0352
123.0,144.0,0.21782178217821782,-0.44,0.17425742574257427,-0.0352
52.0,145.0,-0.48514851485148514,-0.45,-0.38811881188118813,-0.036000000000000004
53.0,146.0,-0.4752475247524752,-0.46,-0.3801980198019802,-0.0368
122.0,146.0,0.2079207920792079,-0.46,0.16633663366336635,-0.0368
53.0,147.0,-0.4752475247524752,-0.47,-0.3801980198019802,-0.0376
120.0,147.0,0.18811881188118812,-0.47,0.15049504950495052,-0.0376
52.0,148.0,-0.48514851485148514,-0.48,-0.38811881188118813,-0.0384
51.0,149.0,-0.49504950495049505,-0.49,-0.39603960396039606,-0.0392
53.0,149.0,-0.4752475247524752,-0.49,-0.3801980198019802,-0.0392
119.0,149.0,0.1782178217821782,-0.49,0.14257425742574256,-0.0392
50.0,150.0,-0.504950495049505,-0.5,-0.403960396039604,-0.04
50.0,151.0,-0.504950495049505,-0.51,-0.403960396039604,-0.0408
51.0,151.0,-0.49504950495049505,-0.51,-0.39603960396039606,-0.0408
118.0,151.0,0.16831683168316833,-0.51,0.13465346534653466,-0.0408
50.0,152.0,-0.504950495049505,-0.52,-0.403960396039604,-0.041600000000000005
51.0,152.0,-0.49504950495049505,-0.52,-0.39603960396039606,-0.041600000000000005
117.0,152.0,0.15841584158415842,-0.52,0.12673267326732673,-0.041600000000000005
50.0,153.0,-0.504950495049505,-0.53,-0.403960396039604,-0.0424
51.0,153.0,-0.49504950495049505,-0.53,-0.39603960396039606,-0.0424
116.0,153.0,0.1485148514851485,-0.53,0.1188118811881188,-0.0424
51.0,154.0,-0.49504950495049505,-0.54,-0.39603960396039606,-0.0432
115.0,154.0,0.13861386138613863,-0.54,0.1108910891089109,-0.0432
50.0,155.0,-0.504950495049505,-0.55,-0.403960396039604,-0.044000000000000004
114.0,155.0,0.12871287128712872,-0.55,0.10297029702970298,-0.044000000000000004
49.0,156.0,-0.5148514851485149,-0.56,-0.4118811881188119,-0.044800000000000006
115.0,156.0,0.13861386138613863,-0.56,0.1108910891089109,-0.044800000000000006
50.0,157.0,-0.504950495049505,-0.57,-0.403960396039604,-0.045599999999999995
114.0,157.0,0.12871287128712872,-0.57,0.10297029702970298,-0.045599999999999995
49.0,158.0,-0.5148514851485149,-0.58,-0.4118811881188119,-0.0464
113.0,158.0,0.1188118811881188,-0.58,0.09504950495049505,-0.0464
48.0,159.0,-0.5247524752475248,-0.59,-0.41980198019801984,-0.0472
112.0,159.0,0.10891089108910891,-0.59,0.08712871287128714,-0.0472
45.0,160.0,-0.5544554455445545,-0.6,-0.4435643564356436,-0.048
47.0,160.0,-0.5346534653465347,-0.6,-0.42772277227722777,-0.048
110.0,160.0,0.0891089108910891,-0.6,0.07128712871287128,-0.048
46.0,161.0,-0.5445544554455446,-0.61,-0.4356435643564357,-0.0488
108.0,161.0,0.06930693069306931,-0.61,0.05544554455445545,-0.0488
113.0,161.0,0.1188118811881188,-0.61,0.09504950495049505,-0.0488
45.0,162.0,-0.5544554455445545,-0.62,-0.4435643564356436,-0.0496
45.0,163.0,-0.5544554455445545,-0.63,-0.4435643564356436,-0.0504
46.0,163.0,-0.5445544554455446,-0.63,-0.4356435643564357,-0.0504
107.0,163.0,0.0594059405940594,-0.63,0.047524752475247525,-0.0504
45.0,164.0,-0.5544554455445545,-0.64,-0.4435643564356436,-0.0512
46.0,164.0,-0.5445544554455446,-0.64,-0.4356435643564357,-0.0512
106.0,164.0,0.04950495049504951,-0.64,0.03960396039603961,-0.0512
45.0,165.0,-0.5544554455445545,-0.65,-0.4435643564356436,-0.052000000000000005
46.0,165.0,-0.5445544554455446,-0.65,-0.4356435643564357,-0.052000000000000005
105.0,165.0,0.039603960396039604,-0.65,0.031683168316831684,-0.052000000000000005
107.0,165.0,0.0594059405940594,-0.65,0.047524752475247525,-0.052000000000000005
46.0,166.0,-0.5445544554455446,-0.66,-0.4356435643564357,-0.05280000000000001
45.0,167.0,-0.5544554455445545,-0.67,-0.4435643564356436,-0.0536
104.0,167.0,0.0297029702970297,-0.67,0.023762376237623763,-0.0536
103.0,168.0,0.019801980198019802,-0.68,0.015841584158415842,-0.054400000000000004
44.0,169.0,-0.5643564356435643,-0.69,-0.45148514851485144,-0.0552
43.0,170.0,-0.5742574257425742,-0.7,-0.45940594059405937,-0.055999999999999994
102.0,170.0,0.009900990099009901,-0.7,0.007920792079207921,-0.055999999999999994
44.0,171.0,-0.5643564356435643,-0.71,-0.45148514851485144,-0.056799999999999996
43.0,172.0,-0.5742574257425742,-0.72,-0.45940594059405937,-0.0576
98.0,172.0,-0.0297029702970297,-0.72,-0.023762376237623763,-0.0576
99.0,172.0,-0.019801980198019802,-0.72,-0.015841584158415842,-0.0576
101.0,172.0,0.0,-0.72,0.0,-0.0576
43.0,173.0,-0.5742574257425742,-0.73,-0.45940594059405937,-0.0584
97.0,173.0,-0.039603960396039604,-0.73,-0.031683168316831684,-0.0584
99.0,173.0,-0.019801980198019802,-0.73,-0.015841584158415842,-0.0584
100.0,173.0,-0.009900990099009901,-0.73,-0.007920792079207921,-0.0584
96.0,174.0,-0.04950495049504951,-0.74,-0.03960396039603961,-0.0592
42.0,175.0,-0.5841584158415841,-0.75,-0.4673267326732673,-0.06
94.0,175.0,-0.06930693069306931,-0.75,-0.05544554455445545,-0.06
41.0,176.0,-0.594059405940594,-0.76,-0.4752475247524752,-0.0608
92.0,176.0,-0.0891089108910891,-0.76,-0.07128712871287128,-0.0608
41.0,177.0,-0.594059405940594,-0.77,-0.4752475247524752,-0.0616
42.0,177.0,-0.5841584158415841,-0.77,-0.4673267326732673,-0.0616
90.0,177.0,-0.10891089108910891,-0.77,-0.08712871287128714,-0.0616
42.0,178.0,-0.5841584158415841,-0.78,-0.4673267326732673,-0.062400000000000004
41.0,179.0,-0.594059405940594,-0.79,-0.4752475247524752,-0.0632
86.0,179.0,-0.1485148514851485,-0.79,-0.1188118811881188,-0.0632
87.0,179.0,-0.13861386138613863,-0.79,-0.1108910891089109,-0.0632
89.0,179.0,-0.1188118811881188,-0.79,-0.09504950495049505,-0.0632
39.0,180.0,-0.6138613861386139,-0.8,-0.4910891089108911,-0.064
40.0,180.0,-0.6039603960396039,-0.8,-0.48316831683168315,-0.064
83.0,180.0,-0.1782178217821782,-0.8,-0.14257425742574256,-0.064
85.0,180.0,-0.15841584158415842,-0.8,-0.12673267326732673,-0.064
87.0,180.0,-0.13861386138613863,-0.8,-0.1108910891089109,-0.064
88.0,180.0,-0.12871287128712872,-0.8,-0.10297029702970298,-0.064
90.0,180.0,-0.10891089108910891,-0.8,-0.08712871287128714,-0.064
39.0,181.0,-0.6138613861386139,-0.81,-0.4910891089108911,-0.06480000000000001
82.0,181.0,-0.18811881188118812,-0.81,-0.15049504950495052,-0.06480000000000001
84.0,181.0,-0.16831683168316833,-0.81,-0.13465346534653466,-0.06480000000000001
40.0,182.0,-0.6039603960396039,-0.82,-0.48316831683168315,-0.06559999999999999
81.0,182.0,-0.19801980198019803,-0.82,-0.15841584158415845,-0.06559999999999999
40.0,183.0,-0.6039603960396039,-0.83,-0.48316831683168315,-0.0664
77.0,183.0,-0.2376237623762376,-0.83,-0.1900990099009901,-0.0664
78.0,183.0,-0.22772277227722773,-0.83,-0.1821782178217822,-0.0664
80.0,183.0,-0.2079207920792079,-0.83,-0.16633663366336635,-0.0664
39.0,184.0,-0.6138613861386139,-0.84,-0.4910891089108911,-0.0672
74.0,184.0,-0.26732673267326734,-0.84,-0.21386138613861388,-0.0672
76.0,184.0,-0.24752475247524752,-0.84,-0.19801980198019803,-0.0672
78.0,184.0,-0.22772277227722773,-0.84,-0.1821782178217822,-0.0672
79.0,184.0,-0.21782178217821782,-0.84,-0.17425742574257427,-0.0672
38.0,185.0,-0.6237623762376238,-0.85,-0.499009900990099,-0.068
73.0,185.0,-0.27722772277227725,-0.85,-0.2217821782178218,-0.068
75.0,185.0,-0.25742574257425743,-0.85,-0.20594059405940596,-0.068
39.0,186.0,-0.6138613861386139,-0.86,-0.4910891089108911,-0.0688
38.0,187.0,-0.6237623762376238,-0.87,-0.499009900990099,-0.0696
70.0,187.0,-0.3069306930693069,-0.87,-0.24554455445544554,-0.0696
72.0,187.0,-0.2871287128712871,-0.87,-0.22970297029702968,-0.0696
36.0,188.0,-0.6435643564356436,-0.88,-0.5148514851485149,-0.0704
63.0,188.0,-0.37623762376237624,-0.88,-0.30099009900990104,-0.0704
64.0,188.0,-0.36633663366336633,-0.88,-0.29306930693069305,-0.0704
65.0,188.0,-0.3564356435643564,-0.88,-0.2851485148514851,-0.0704
66.0,188.0,-0.3465346534653465,-0.88,-0.2772277227722772,-0.0704
67.0,188.0,-0.33663366336633666,-0.88,-0.2693069306930693,-0.0704
69.0,188.0,-0.31683168316831684,-0.88,-0.25346534653465347,-0.0704
71.0,188.0,-0.297029702970297,-0.88,-0.2376237623762376,-0.0704
58.0,189.0,-0.42574257425742573,-0.89,-0.3405940594059406,-0.0712
59.0,189.0,-0.4158415841584158,-0.89,-0.3326732673267327,-0.0712
62.0,189.0,-0.38613861386138615,-0.89,-0.30891089108910896,-0.0712
64.0,189.0,-0.36633663366336633,-0.89,-0.29306930693069305,-0.0712
65.0,189.0,-0.3564356435643564,-0.89,-0.2851485148514851,-0.0712
66.0,189.0,-0.3465346534653465,-0.89,-0.2772277227722772,-0.0712
67.0,189.0,-0.33663366336633666,-0.89,-0.2693069306930693,-0.0712
68.0,189.0,-0.32673267326732675,-0.89,-0.2613861386138614,-0.0712
35.0,190.0,-0.6534653465346535,-0.9,-0.5227722772277228,-0.07200000000000001
53.0,190.0,-0.4752475247524752,-0.9,-0.3801980198019802,-0.07200000000000001
58.0,190.0,-0.42574257425742573,-0.9,-0.3405940594059406,-0.07200000000000001
61.0,190.0,-0.39603960396039606,-0.9,-0.3168316831683169,-0.07200000000000001
35.0,191.0,-0.6534653465346535,-0.91,-0.5227722772277228,-0.0728
52.0,191.0,-0.48514851485148514,-0.91,-0.38811881188118813,-0.0728
54.0,191.0,-0.46534653465346537,-0.91,-0.37227722772277233,-0.0728
57.0,191.0,-0.43564356435643564,-0.91,-0.34851485148514855,-0.0728
62.0,191.0,-0.38613861386138615,-0.91,-0.30891089108910896,-0.0728
35.0,192.0,-0.6534653465346535,-0.92,-0.5227722772277228,-0.0736
51.0,192.0,-0.49504950495049505,-0.92,-0.39603960396039606,-0.0736
55.0,192.0,-0.45544554455445546,-0.92,-0.3643564356435644,-0.0736
56.0,192.0,-0.44554455445544555,-0.92,-0.3564356435643565,-0.0736
46.0,193.0,-0.5445544554455446,-0.93,-0.4356435643564357,-0.07440000000000001
50.0,193.0,-0.504950495049505,-0.93,-0.403960396039604,-0.07440000000000001
34.0,194.0,-0.6633663366336634,-0.94,-0.5306930693069307,-0.0752
42.0,194.0,-0.5841584158415841,-0.94,-0.4673267326732673,-0.0752
43.0,194.0,-0.5742574257425742,-0.94,-0.45940594059405937,-0.0752
45.0,194.0,-0.5544554455445545,-0.94,-0.4435643564356436,-0.0752
47.0,194.0,-0.5346534653465347,-0.94,-0.42772277227722777,-0.0752
48.0,194.0,-0.5247524752475248,-0.94,-0.41980198019801984,-0.0752
34.0,195.0,-0.6633663366336634,-0.95,-0.5306930693069307,-0.076
38.0,195.0,-0.6237623762376238,-0.95,-0.499009900990099,-0.076
39.0,195.0,-0.6138613861386139,-0.95,-0.4910891089108911,-0.076
41.0,195.0,-0.594059405940594,-0.95,-0.4752475247524752,-0.076
43.0,195.0,-0.5742574257425742,-0.95,-0.45940594059405937,-0.076
44.0,195.0,-0.5643564356435643,-0.95,-0.45148514851485144,-0.076
34.0,196.0,-0.6633663366336634,-0.96,-0.5306930693069307,-0.0768
35.0,196.0,-0.6534653465346535,-0.96,-0.5227722772277228,-0.0768
37.0,196.0,-0.6336633663366337,-0.96,-0.5069306930693069,-0.0768
39.0,196.0,-0.6138613861386139,-0.96,-0.4910891089108911,-0.0768
40.0,196.0,-0.6039603960396039,-0.96,-0.48316831683168315,-0.0768
35.0,197.0,-0.6534653465346535,-0.97,-0.5227722772277228,-0.0776
34.0,198.0,-0.6633663366336634,-0.98,-0.5306930693069307,-0.0784
